Model,Mi550,
Serial Number,3526471001,

User Name,User01,
Location,Location01,

Wire Mode,3P4W_3CT,
Frequency(Hz),50,
Nominal Voltage(V),380,

Date,Time,Phase Voltage(V),,,,,Line Voltage(V),,,,Current(A),,,,,Frequency(Hz),Power Factor,,,,Displacement Power Factor,,,,Active Power(kW),,,,Reactive Power(kVar),,,,Apparent Power(kVA),,,,Active Energy Import(Wh),,,,Active Energy Export(Wh),,,,Reactive Energy Import(Varh),,,,Reactive Energy Export(Varh),,,,Apparent Energy(VAh),,,,Voltage THD(%),,,Voltage Odd THD(%),,,Voltage Even THD(%),,,Current THD(%),,,Current Odd THD(%),,,Current Even THD(%),,,Phase Voltage Peak(V),,,Phase VoltageCrest Factor,,,CurrentCrest Factor,,,Current K Factor,,,Voltage  Unbalance(%),,Current Unbalance(%),,Voltage Phase Angle(°),,,Current Phase Angle(°),,,Angle Between Voltages(°),,,Angle Between Currents(°),,,Voltage Current Angle(°),,,Phase Voltage Max.(V),,,,,Phase Voltage Min.(V),,,,,Line Voltage Max.(V),,,,Line Voltage Min.(V),,,,Current Max.(A),,,,,Current Min.(A),,,,,Frequency Max.(Hz),Frequency min.(Hz),Power Factor Max.,,,,Power Factor Min.,,,,Displacement Power Factor Max.,,,,Displacement Power Factor Min.,,,,Active Power Max.(kW),,,,Active Power Min.(kW),,,,Reactive Power Max.(kVar),,,,Reactive Power Min.(kVar),,,,Apparent Power Max.(kVA),,,,Apparent Power Min.(kVA),,,,Current Demand(A),,,,Active Power Demand(kW),,,,Reactive Power Demand(kVar),,,,Apparent Power Demand(kVA),,,,Current Demand Max.(A),,,,Active Power Demand Max.(kW),,,,Reactive Power Demand Max.(kVar),,,,Apparent Power Demand Max.(kVA),,,
,,UA,UB,UC,UAvg,UN,UAB,UBC,UCA,UAvg,IA,IB,IC,IAvg,IN,FA,PFA,PFB,PFC,PFTotal,DPFA,DPFB,DPFC,DPFTotal,PA,PB,PC,PSum,QA,QB,QC,QSum,SA,SB,SC,SSum,EPA_imp,EPB_imp,EPC_imp,EPSum_imp,EPA_exp,EPB_exp,EPC_exp,EPSum_exp,EQA_imp,EQB_imp,EQC_imp,EQSum_imp,EQA_exp,EQB_exp,EQC_exp,EQSum_exp,ESA,ESB,ESC,ESSUM,UA-THD,UB-THD,UC-THD,UA-TOHD,UB-TOHD,UC-TOHD,UA-TEHD,UB-TEHD,UC-TEHD,IA-THD,IB-THD,IC-THD,IA-TOHD,IB-TOHD,IC-TOHD,IA-TEHD,IB-TEHD,IC-TEHD,UA-pk,UB-pk,UC-pk,UA-CF,UB-CF,UC-CF,IA-CF,IB-CF,IC-CF,IA-KF,IB-KF,IC-KF,Negative,Zero,Negative,Zero,UA-angle,UB-angle,UC-angle,IA-angle,IB-angle,IC-angle,UAB-angle,UBC-angle,UCA-angle,IAB-angle,IBC-angle,ICA-angle,UIA-angle,UIB-angle,UIC-angle,UA-max,UB-max,UC-max,UAvg-max,UN-max,UA-min,UB-min,UC-min,UAvg-min,UN-min,UAB-max,UBC-max,UCA-max,UAvg-max,UAB-min,UBC-min,UCA-min,UAvg-min,IA-max,IB-max,IC-max,IAvg-max,IN-max,IA-min,IB-min,IC-min,IAvg-min,IN-min,FA-max,FA-min,PFA-max,PFB-max,PFC-max,PFTotal-max,PFA-min,PFB-min,PFC-min,PFTotal-min,DPFA-max,DPFB-max,DPFC-max,DPFTotal-max,DPFA-min,DPFB-min,DPFC-min,DPFTotal-min,PA-max,PB-max,PC-max,PSum-max,PA-min,PB-min,PC-min,PSum-min,QA-max,QB-max,QC-max,QSum-max,QA-min,QB-min,QC-min,QSum-min,SA-max,SB-max,SC-max,SSum-max,SA-min,SB-min,SC-min,SSum-min,IA,IB,IC,IAVG,PA,PB,PC,PSUM,QA,QB,QC,QSUM,SA,SB,SC,SSUM,IA-max,IB-max,IC-max,IAVG-max,PA-max,PB-max,PC-max,PSUM-max,QA-max,QB-max,QC-max,QSUM-max,SA-max,SB-max,SC-max,SSUM-max
2026/08/11,13:01:53,237.80,238.40,237.20,237.72,0.00,413.15,411.09,410.83,411.69,5.25,1.83,5.94,4.43,5.69,49.97,0.888,0.712,0.942,0.876,0.940,0.988,0.999,0.973,1.17,0.40,1.36,2.92,-0.43,-0.06,-0.05,-0.54,1.31,0.59,1.44,3.34,10529,6840,9725,27094,7520,6616,7536,21672,1445,1568,1386,4399,1825,2232,1814,5871,18888,14672,19113,52673,2.110,1.921,1.880,2.107,1.919,1.879,0.115,0.069,0.080,16.860,28.195,23.212,16.853,28.191,23.204,0.469,0.522,0.624,331.918,332.107,331.382,1.396,1.393,1.398,1.705,2.242,1.997,2.258,3.563,2.609,0.329,0.060,20.274,42.249,0.000,239.643,119.742,20.373,231.240,124.348,239.643,240.135,119.742,149.361,104.906,255.340,339.627,8.402,355.395,240.198,254.860,248.912,238.880,0.000,0.085,0.053,0.048,0.071,0.000,423.613,422.294,433.541,413.562,0.137,0.141,0.120,0.141,10.721,11.962,12.694,6.415,13.931,0.000,0.024,0.000,0.185,0.209,50.041,49.952,0.938,0.745,0.969,0.923,-0.095,-0.027,-0.991,0.000,0.968,0.994,1.000,1.000,-1.000,-0.409,-0.923,0.000,1.630,0.431,1.843,3.839,-0.035,-0.008,-0.029,0.000,0.000,0.030,0.000,0.005,-0.467,-0.071,-0.077,-0.593,1.738,0.693,1.906,4.273,0.000,0.000,0.000,0.000,2.849,1.029,2.029,1.969,0.008,0.006,0.203,0.216,-0.027,0.012,-0.012,-0.028,0.233,0.224,0.309,0.766,0.000,0.000,0.000,0.000,0.000,0.000,0.000,0.000,0.000,0.000,0.000,0.000,0.000,0.000,0.000,0.000,
2026/08/11,13:01:58,237.73,238.31,236.95,237.77,0.00,412.97,410.88,410.58,411.48,5.35,1.76,5.91,4.29,5.67,49.98,0.887,0.712,0.943,0.883,0.939,0.991,0.999,0.973,1.17,0.39,1.37,2.93,-0.43,-0.06,-0.06,-0.55,1.31,0.55,1.45,3.31,10531,6840,9726,27097,7520,6616,7536,21672,1445,1568,1386,4399,1825,2233,1814,5872,18889,14673,19114,52676,1.981,1.793,1.733,1.980,1.788,1.727,0.050,0.124,0.143,16.584,35.507,23.054,16.562,35.494,23.039,0.850,0.976,0.825,331.514,332.124,331.134,1.395,1.394,1.397,1.722,2.117,2.035,2.245,3.711,2.711,0.333,0.050,22.280,38.813,0.000,239.660,119.760,10.529,251.191,117.527,239.660,240.100,119.760,119.373,133.805,253.178,349.471,348.469,2.232,237.886,238.471,237.275,237.768,0.000,237.586,238.210,236.730,237.687,0.000,413.357,411.313,410.935,411.716,412.728,410.673,409.980,411.489,5.617,2.467,6.092,4.432,6.105,5.156,1.573,5.745,4.278,5.625,49.977,49.967,0.890,0.715,0.943,0.884,0.887,0.684,0.938,0.868,0.940,0.991,1.000,0.974,0.937,0.988,0.998,0.972,1.170,0.401,1.366,2.926,1.164,0.376,1.349,2.908,-0.428,-0.051,-0.041,-0.534,-0.442,-0.059,-0.058,-0.546,1.314,0.607,1.458,3.365,1.309,0.546,1.440,3.300,2.849,1.029,2.029,1.969,0.008,0.006,0.203,0.216,-0.027,0.012,-0.012,-0.028,0.233,0.224,0.309,0.766,0.000,0.000,0.000,0.000,0.000,0.000,0.000,0.000,0.000,0.000,0.000,0.000,0.000,0.000,0.000,0.000,
2026/08/11,13:02:03,237.68,238.35,236.77,237.61,0.00,412.92,410.86,410.24,411.34,5.35,1.83,5.89,4.37,5.67,49.97,0.888,0.683,0.938,0.880,0.939,0.991,1.000,0.973,1.20,0.39,1.35,2.95,-0.44,-0.05,-0.05,-0.55,1.35,0.55,1.44,3.35,10532,6841,9728,27101,7520,6616,7536,21672,1445,1568,1386,4399,1826,2233,1814,5873,18891,14673,19116,52680,2.020,1.865,1.774,2.017,1.861,1.772,0.101,0.122,0.084,16.693,28.120,22.546,16.669,28.107,22.540,0.887,0.878,0.513,331.506,332.177,330.562,1.395,1.394,1.398,1.637,2.263,2.082,2.229,3.575,2.753,0.370,0.008,17.370,46.166,0.000,239.678,119.689,23.695,229.184,122.607,239.678,240.012,119.689,154.705,106.365,261.070,336.305,10.494,357.082,237.757,238.409,237.029,237.768,0.000,237.111,237.669,236.367,237.552,0.000,413.229,410.997,410.616,411.507,411.824,409.801,409.514,411.252,5.732,2.188,6.146,4.382,5.892,5.192,1.668,5.770,4.287,5.633,49.979,49.974,0.888,0.714,0.943,0.883,0.887,0.683,0.938,0.869,0.939,0.991,0.999,0.973,0.938,0.991,0.999,0.973,1.204,0.393,1.366,2.945,1.164,0.390,1.344,2.903,-0.431,-0.053,-0.051,-0.539,-0.442,-0.056,-0.058,-0.546,1.352,0.575,1.450,3.347,1.309,0.553,1.438,3.308,2.849,1.029,2.029,1.969,0.008,0.006,0.203,0.216,-0.027,0.012,-0.012,-0.028,0.233,0.224,0.309,0.766,0.000,0.000,0.000,0.000,0.000,0.000,0.000,0.000,0.000,0.000,0.000,0.000,0.000,0.000,0.000,0.000,
2026/08/11,13:02:08,237.56,238.06,236.79,237.57,0.00,412.64,410.67,410.23,411.18,5.47,2.38,5.91,4.46,5.82,49.97,0.886,0.688,0.943,0.859,0.937,0.994,1.000,0.973,1.17,0.39,1.35,2.91,-0.44,-0.05,-0.05,-0.54,1.33,0.63,1.43,3.39,10534,6841,9730,27105,7520,6616,7536,21672,1445,1568,1386,4399,1827,2233,1814,5874,18893,14674,19118,52685,2.103,1.930,1.863,2.102,1.928,1.851,0.075,0.087,0.216,16.446,29.919,22.283,16.432,29.871,22.251,0.668,1.694,1.199,331.195,331.786,330.807,1.394,1.393,1.398,1.615,2.343,1.944,2.198,3.614,2.713,0.354,0.031,34.931,51.394,0.000,239.643,119.725,15.170,313.646,121.500,239.643,240.064,119.725,61.506,189.896,256.693,344.830,285.996,358.225,237.775,238.350,236.953,237.610,0.000,236.997,237.544,236.181,237.213,0.000,413.273,410.961,410.465,411.340,411.812,409.494,409.105,410.600,5.534,2.503,6.062,4.461,6.080,5.269,1.679,5.769,4.326,5.659,49.974,49.968,0.890,0.718,0.943,0.883,0.886,0.683,0.937,0.859,0.939,0.991,1.000,0.973,0.936,0.988,0.999,0.972,1.204,0.396,1.352,2.945,1.170,0.390,1.346,2.909,-0.432,-0.052,-0.051,-0.540,-0.442,-0.054,-0.054,-0.547,1.352,0.634,1.442,3.388,1.315,0.546,1.428,3.301,2.849,1.029,2.029,1.969,0.008,0.006,0.203,0.216,-0.027,0.012,-0.012,-0.028,0.233,0.224,0.309,0.766,0.000,0.000,0.000,0.000,0.000,0.000,0.000,0.000,0.000,0.000,0.000,0.000,0.000,0.000,0.000,0.000,
2026/08/11,13:02:13,237.20,237.74,236.39,237.23,0.00,412.12,410.19,409.28,410.53,5.36,1.71,6.00,4.28,5.56,49.97,0.884,0.714,0.942,0.882,0.938,0.991,1.000,0.973,1.17,0.39,1.33,2.90,-0.44,-0.05,-0.06,-0.54,1.33,0.55,1.41,3.28,10536,6842,9732,27110,7520,6616,7536,21672,1445,1568,1386,4399,1827,2233,1814,5874,18895,14675,19120,52690,1.803,1.590,1.479,1.803,1.587,1.476,0.035,0.097,0.088,16.884,29.359,21.146,16.879,29.343,21.134,0.443,0.970,0.715,331.082,331.372,330.549,1.395,1.392,1.398,1.640,2.126,1.905,2.251,3.718,2.583,0.404,0.068,23.111,37.109,0.000,239.607,119.584,13.764,246.270,123.117,239.607,239.977,119.584,127.494,120.234,251.209,346.236,353.338,356.467,237.690,238.205,236.869,237.572,0.000,237.179,237.572,236.338,237.229,0.000,413.120,410.908,410.446,411.151,412.023,409.879,409.131,410.761,5.536,2.401,6.072,4.461,5.891,5.233,1.651,5.680,4.276,5.559,49.971,49.968,0.888,0.714,0.943,0.885,0.884,0.688,0.939,0.859,0.938,0.994,1.000,0.973,0.937,0.991,0.999,0.972,1.173,0.395,1.348,2.913,1.169,0.391,1.330,2.896,-0.434,-0.048,-0.052,-0.540,-0.438,-0.052,-0.063,-0.548,1.326,0.634,1.429,3.388,1.317,0.545,1.411,3.282,2.849,1.029,2.029,1.969,0.008,0.006,0.203,0.216,-0.027,0.012,-0.012,-0.028,0.233,0.224,0.309,0.766,0.000,0.000,0.000,0.000,0.000,0.000,0.000,0.000,0.000,0.000,0.000,0.000,0.000,0.000,0.000,0.000,
2026/08/11,13:02:18,237.21,237.89,236.53,237.15,0.00,412.18,410.14,409.66,410.66,5.32,1.77,5.90,4.43,5.68,49.98,0.880,0.717,0.943,0.878,0.937,0.991,0.999,0.972,1.17,0.39,1.35,2.91,-0.44,-0.05,-0.06,-0.54,1.33,0.55,1.43,3.31,10537,6843,9734,27114,7520,6616,7536,21672,1445,1568,1386,4399,1828,2233,1814,5875,18897,14676,19122,52695,1.962,1.758,1.681,1.961,1.757,1.678,0.053,0.065,0.108,17.181,31.287,22.736,17.164,31.248,22.725,0.759,1.574,0.687,331.090,331.333,330.704,1.395,1.393,1.399,1.645,2.159,1.932,2.276,3.558,2.741,0.347,0.039,23.957,37.987,0.000,239.643,119.707,11.127,230.871,120.938,239.643,240.064,119.707,139.553,109.775,249.328,348.873,8.771,358.770,237.736,238.272,236.968,237.543,0.000,237.043,237.554,236.198,237.143,0.000,413.135,411.078,410.509,411.295,411.924,409.582,409.070,410.529,5.600,2.452,6.108,4.480,5.846,5.202,1.677,5.762,4.276,5.561,49.980,49.968,0.890,0.717,0.944,0.885,0.880,0.677,0.940,0.870,0.938,0.991,1.000,0.973,0.937,0.991,0.998,0.972,1.173,0.396,1.364,2.920,1.163,0.393,1.330,2.896,-0.434,-0.050,-0.056,-0.541,-0.438,-0.051,-0.064,-0.551,1.335,0.597,1.452,3.356,1.309,0.546,1.411,3.282,2.849,1.029,2.029,1.969,0.008,0.006,0.203,0.216,-0.027,0.012,-0.012,-0.028,0.233,0.224,0.309,0.766,0.000,0.000,0.000,0.000,0.000,0.000,0.000,0.000,0.000,0.000,0.000,0.000,0.000,0.000,0.000,0.000,
2026/08/11,13:02:23,237.33,237.60,236.55,237.17,0.00,411.97,410.22,409.90,410.70,5.31,1.78,5.91,4.38,5.61,49.98,0.889,0.717,0.939,0.885,0.938,0.991,0.999,0.972,1.17,0.39,1.33,2.89,-0.43,-0.05,-0.06,-0.54,1.31,0.54,1.41,3.27,10539,6843,9736,27118,7520,6616,7536,21672,1445,1568,1386,4399,1828,2233,1814,5875,18898,14677,19124,52699,2.013,1.759,1.740,2.012,1.758,1.738,0.052,0.041,0.084,16.442,28.739,22.887,16.437,28.722,22.875,0.417,0.980,0.741,331.155,331.428,330.543,1.395,1.394,1.397,1.647,2.190,2.005,2.275,3.568,2.700,0.328,0.014,19.075,42.474,0.000,239.678,119.760,11.461,255.129,112.975,239.678,240.082,119.760,116.332,139.869,256.324,348.539,344.549,6.785,237.596,238.125,236.804,237.441,0.000,236.937,237.476,236.131,237.151,0.000,412.989,410.753,410.285,411.102,411.837,409.410,408.957,410.619,5.575,2.604,6.024,4.547,5.970,5.225,1.683,5.606,4.332,5.557,49.981,49.975,0.889,0.717,0.943,0.885,0.880,0.648,0.939,0.865,0.938,0.994,0.999,0.973,0.937,0.991,0.999,0.972,1.170,0.396,1.351,2.913,1.165,0.392,1.329,2.891,-0.433,-0.050,-0.058,-0.545,-0.437,-0.051,-0.065,-0.549,1.335,0.616,1.436,3.350,1.313,0.545,1.407,3.266,2.849,1.029,2.029,1.969,0.008,0.006,0.203,0.216,-0.027,0.012,-0.012,-0.028,0.233,0.224,0.309,0.766,0.000,0.000,0.000,0.000,0.000,0.000,0.000,0.000,0.000,0.000,0.000,0.000,0.000,0.000,0.000,0.000,
2026/08/11,13:02:28,237.11,237.49,236.26,237.17,0.00,411.90,409.78,409.24,410.31,5.36,2.19,5.78,4.58,5.56,49.99,0.886,0.767,0.941,0.885,0.937,1.003,0.999,0.974,1.17,0.48,1.33,2.97,-0.44,-0.01,-0.06,-0.51,1.32,0.63,1.41,3.36,10541,6844,9738,27123,7520,6616,7536,21672,1445,1568,1386,4399,1829,2233,1814,5876,18900,14678,19126,52704,1.987,1.781,1.692,1.986,1.780,1.689,0.075,0.046,0.102,16.493,29.665,20.909,16.488,29.660,20.883,0.384,0.551,1.036,330.995,331.233,330.389,1.396,1.394,1.398,1.756,2.330,1.928,2.276,3.583,2.612,0.390,0.069,4.119,48.172,0.000,239.572,119.654,31.447,250.119,117.475,239.572,240.082,119.654,141.328,132.838,274.166,328.553,349.453,2.180,237.669,238.192,236.833,237.498,0.000,237.045,237.470,236.250,237.165,0.000,412.993,410.772,410.319,411.214,411.803,409.642,409.214,410.602,5.600,2.459,6.086,4.576,5.721,5.228,1.694,5.683,4.267,5.320,49.988,49.972,0.889,0.767,0.944,0.891,0.886,0.696,0.938,0.881,0.938,0.997,0.999,0.974,0.938,0.991,0.999,0.972,1.174,0.477,1.347,2.979,1.167,0.395,1.329,2.891,-0.433,-0.010,-0.059,-0.508,-0.436,-0.051,-0.067,-0.552,1.323,0.634,1.442,3.361,1.311,0.545,1.407,3.266,2.849,1.029,2.029,1.969,0.008,0.006,0.203,0.216,-0.027,0.012,-0.012,-0.028,0.233,0.224,0.309,0.766,0.000,0.000,0.000,0.000,0.000,0.000,0.000,0.000,0.000,0.000,0.000,0.000,0.000,0.000,0.000,0.000,
2026/08/11,13:02:33,237.44,237.95,236.52,237.26,0.00,412.43,410.25,409.92,410.87,5.26,2.20,5.87,4.48,5.38,49.98,0.884,0.766,0.945,0.891,0.938,1.000,0.999,0.974,1.17,0.48,1.34,2.98,-0.43,-0.01,-0.06,-0.51,1.31,0.62,1.42,3.35,10542,6844,9739,27125,7520,6616,7536,21672,1445,1568,1386,4399,1830,2233,1814,5877,18902,14678,19128,52708,1.891,1.663,1.598,1.891,1.663,1.597,0.033,0.047,0.059,16.222,31.811,21.687,16.211,31.794,21.681,0.612,1.014,0.489,331.429,331.610,330.471,1.395,1.394,1.398,1.637,2.078,1.944,2.296,3.626,2.636,0.360,0.022,16.093,42.896,0.000,239.643,119.742,17.824,227.900,117.879,239.607,240.135,119.742,150.047,110.021,260.068,342.176,11.707,1.863,237.653,238.123,236.841,237.413,0.000,237.066,237.490,236.123,237.165,0.000,412.918,410.637,410.380,411.018,411.869,409.512,409.281,410.472,5.645,2.634,6.101,4.631,5.703,5.191,2.015,5.671,4.440,5.330,49.989,49.980,0.887,0.771,0.945,0.891,0.884,0.730,0.940,0.881,0.937,1.003,0.999,0.974,0.937,0.997,0.998,0.973,1.170,0.477,1.340,2.983,1.167,0.476,1.331,2.973,-0.433,-0.013,-0.057,-0.508,-0.437,-0.015,-0.064,-0.512,1.318,0.651,1.419,3.381,1.312,0.616,1.409,3.347,2.849,1.029,2.029,1.969,0.008,0.006,0.203,0.216,-0.027,0.012,-0.012,-0.028,0.233,0.224,0.309,0.766,0.000,0.000,0.000,0.000,0.000,0.000,0.000,0.000,0.000,0.000,0.000,0.000,0.000,0.000,0.000,0.000,
2026/08/11,13:02:38,237.26,237.95,236.70,237.14,0.00,412.14,410.25,410.07,410.82,5.44,2.24,5.83,4.39,5.41,50.00,0.888,0.731,0.945,0.888,0.938,1.000,0.998,0.974,1.17,0.47,1.33,2.97,-0.43,-0.01,-0.07,-0.51,1.31,0.62,1.40,3.34,10543,6845,9741,27129,7520,6616,7536,21672,1445,1568,1386,4399,1830,2233,1814,5877,18903,14679,19130,52712,1.832,1.608,1.522,1.830,1.608,1.520,0.087,0.036,0.082,16.903,29.054,21.009,16.896,29.046,21.004,0.490,0.672,0.450,331.155,331.350,330.608,1.396,1.393,1.399,1.652,2.075,1.949,2.326,3.628,2.633,0.309,0.050,13.705,44.562,0.000,239.695,119.813,17.174,219.322,113.818,239.695,240.100,119.813,157.904,103.201,260.455,342.826,20.373,5.994,237.706,238.187,236.824,237.431,0.000,236.856,237.557,236.094,237.142,0.000,412.937,410.722,410.526,411.093,411.788,409.443,409.042,410.583,5.554,2.655,6.052,4.479,5.586,5.189,2.012,5.658,4.391,5.310,49.996,49.980,0.889,0.773,0.945,0.891,0.884,0.731,0.937,0.876,0.939,1.000,0.999,0.974,0.938,0.997,0.999,0.974,1.170,0.476,1.342,2.987,1.164,0.472,1.328,2.966,-0.432,-0.012,-0.056,-0.503,-0.436,-0.015,-0.067,-0.512,1.317,0.667,1.432,3.388,1.309,0.616,1.404,3.341,2.849,1.029,2.029,1.969,0.008,0.006,0.203,0.216,-0.027,0.012,-0.012,-0.028,0.233,0.224,0.309,0.766,0.000,0.000,0.000,0.000,0.000,0.000,0.000,0.000,0.000,0.000,0.000,0.000,0.000,0.000,0.000,0.000,
2026/08/11,13:02:43,237.56,238.01,236.53,237.46,0.00,412.64,410.44,409.93,411.00,5.24,2.26,5.95,4.42,5.33,49.99,0.886,0.772,0.945,0.883,0.937,1.000,0.999,0.974,1.17,0.47,1.33,2.97,-0.44,-0.01,-0.06,-0.51,1.32,0.64,1.40,3.37,10545,6845,9743,27133,7520,6616,7536,21672,1445,1568,1386,4399,1831,2233,1814,5878,18905,14680,19132,52717,1.826,1.588,1.529,1.824,1.587,1.528,0.091,0.052,0.060,16.974,31.373,20.880,16.964,31.354,20.873,0.603,1.083,0.517,331.660,331.759,330.472,1.395,1.394,1.397,1.753,2.187,1.869,2.268,3.721,2.565,0.379,0.026,19.045,35.703,0.000,239.625,119.689,11.426,254.162,117.826,239.625,240.064,119.689,117.299,136.389,253.688,348.574,345.463,1.863,237.777,238.241,236.910,237.561,0.000,236.984,237.423,236.123,237.142,0.000,413.035,410.878,410.831,411.318,411.586,409.492,409.108,410.757,5.535,2.594,6.034,4.418,5.796,5.205,2.021,5.671,4.391,5.299,50.004,49.991,0.889,0.772,0.945,0.894,0.883,0.731,0.942,0.883,0.938,1.003,1.000,0.975,0.937,1.000,0.998,0.974,1.173,0.476,1.334,2.977,1.164,0.472,1.328,2.966,-0.433,-0.012,-0.058,-0.507,-0.438,-0.015,-0.069,-0.518,1.320,0.644,1.412,3.368,1.312,0.609,1.404,3.329,2.849,1.029,2.029,1.969,0.008,0.006,0.203,0.216,-0.027,0.012,-0.012,-0.028,0.233,0.224,0.309,0.766,0.000,0.000,0.000,0.000,0.000,0.000,0.000,0.000,0.000,0.000,0.000,0.000,0.000,0.000,0.000,0.000,
2026/08/11,13:02:48,237.21,237.81,236.42,236.91,0.00,412.08,409.97,409.68,410.58,5.41,2.11,5.81,4.40,5.37,49.98,0.887,0.750,0.943,0.890,0.939,1.000,0.999,0.975,1.16,0.47,1.33,2.97,-0.43,-0.01,-0.06,-0.50,1.31,0.61,1.41,3.34,10547,6846,9745,27138,7520,6616,7536,21672,1445,1568,1386,4399,1831,2233,1814,5878,18907,14681,19134,52722,1.969,1.757,1.701,1.968,1.756,1.697,0.073,0.067,0.122,16.311,28.672,21.551,16.305,28.661,21.545,0.453,0.805,0.531,330.762,330.660,330.095,1.394,1.394,1.398,1.634,2.289,1.968,2.224,3.685,2.598,0.346,0.056,16.715,44.667,0.000,239.625,119.760,25.488,223.137,124.699,239.625,240.100,119.760,162.457,99.896,258.012,334.512,16.488,355.061,237.676,238.116,236.866,237.461,0.000,236.818,237.222,236.032,236.912,0.000,412.897,410.668,410.529,411.090,411.373,409.116,408.931,410.126,5.647,3.077,6.114,4.485,5.895,5.199,2.018,5.680,4.391,5.330,49.991,49.980,0.889,0.772,0.946,0.890,0.879,0.703,0.935,0.868,0.938,1.003,0.999,0.975,0.937,0.997,0.999,0.974,1.170,0.474,1.366,3.001,1.162,0.471,1.329,2.967,-0.428,-0.010,-0.058,-0.501,-0.436,-0.013,-0.065,-0.509,1.326,0.701,1.456,3.439,1.309,0.610,1.404,3.335,2.849,1.029,2.029,1.969,0.008,0.006,0.203,0.216,-0.027,0.012,-0.012,-0.028,0.233,0.224,0.309,0.766,0.000,0.000,0.000,0.000,0.000,0.000,0.000,0.000,0.000,0.000,0.000,0.000,0.000,0.000,0.000,0.000,
2026/08/11,13:02:53,237.47,238.06,236.79,237.49,0.00,412.63,410.44,410.18,411.08,5.23,2.14,5.88,4.41,5.36,49.97,0.887,0.770,0.941,0.885,0.938,0.997,0.999,0.974,1.17,0.47,1.34,2.97,-0.43,-0.01,-0.06,-0.50,1.32,0.61,1.43,3.36,10549,6847,9747,27143,7520,6616,7536,21672,1445,1568,1386,4399,1832,2233,1815,5880,18909,14682,19136,52727,1.806,1.571,1.487,1.805,1.567,1.485,0.072,0.100,0.075,16.174,30.089,21.044,16.164,30.069,21.014,0.570,1.094,1.121,331.061,331.499,330.588,1.394,1.393,1.396,1.685,2.193,1.952,2.266,3.745,2.577,0.356,0.062,18.738,39.978,0.000,239.607,119.742,14.326,221.063,118.652,239.607,240.135,119.742,153.475,103.500,255.920,345.674,18.545,1.090,237.627,238.159,236.917,237.493,0.000,236.970,237.446,236.150,236.912,0.000,413.028,410.818,410.391,411.192,411.723,409.451,409.079,410.349,5.672,2.743,6.122,4.494,5.611,5.217,2.001,5.719,4.402,5.336,49.980,49.968,0.891,0.772,0.944,0.891,0.885,0.738,0.938,0.885,0.939,1.000,0.999,0.975,0.938,0.997,0.998,0.974,1.169,0.472,1.358,2.996,1.162,0.470,1.334,2.967,-0.428,-0.010,-0.059,-0.501,-0.434,-0.011,-0.065,-0.509,1.319,0.622,1.440,3.381,1.309,0.605,1.413,3.335,2.849,1.029,2.029,1.969,0.008,0.006,0.203,0.216,-0.027,0.012,-0.012,-0.028,0.233,0.224,0.309,0.766,0.000,0.000,0.000,0.000,0.000,0.000,0.000,0.000,0.000,0.000,0.000,0.000,0.000,0.000,0.000,0.000,
2026/08/11,13:02:58,237.87,238.21,237.17,237.53,0.00,413.19,411.15,410.75,411.70,5.32,2.05,5.89,4.61,5.56,49.97,0.885,0.762,0.937,0.878,0.938,0.997,0.999,0.974,1.17,0.47,1.36,3.00,-0.43,-0.01,-0.06,-0.51,1.32,0.65,1.44,3.41,10550,6848,9749,27147,7520,6616,7536,21672,1445,1568,1386,4399,1833,2233,1815,5881,18911,14683,19138,52732,2.017,1.764,1.723,2.011,1.763,1.718,0.154,0.047,0.133,16.281,35.308,23.639,16.264,35.295,23.610,0.743,0.963,1.163,331.464,331.443,331.156,1.394,1.392,1.397,1.619,2.258,2.066,2.261,3.702,2.714,0.354,0.093,16.972,37.361,0.000,239.572,119.689,12.305,237.938,116.631,239.572,240.117,119.689,135.088,121.307,256.395,347.695,1.635,3.059,237.885,238.302,237.173,237.529,0.000,237.061,237.484,236.242,237.228,0.000,413.242,411.153,410.914,411.302,411.833,409.690,409.083,410.723,5.619,2.578,6.190,4.609,5.726,5.190,2.013,5.769,4.409,5.358,49.973,49.968,0.890,0.775,0.944,0.893,0.885,0.762,0.937,0.878,0.939,1.000,0.999,0.975,0.938,0.997,0.999,0.974,1.174,0.472,1.370,3.014,1.165,0.470,1.337,2.972,-0.433,-0.011,-0.059,-0.505,-0.434,-0.011,-0.067,-0.511,1.326,0.650,1.456,3.413,1.312,0.609,1.433,3.359,2.849,1.029,2.029,1.969,0.008,0.006,0.203,0.216,-0.027,0.012,-0.012,-0.028,0.233,0.224,0.309,0.766,0.000,0.000,0.000,0.000,0.000,0.000,0.000,0.000,0.000,0.000,0.000,0.000,0.000,0.000,0.000,0.000,
2026/08/11,13:03:03,237.73,237.98,236.95,237.29,0.00,412.83,410.66,410.66,411.38,5.36,2.08,5.85,4.50,5.36,49.99,0.885,0.755,0.941,0.884,0.938,1.000,0.999,0.974,1.17,0.47,1.36,3.00,-0.43,-0.01,-0.06,-0.51,1.33,0.62,1.44,3.39,10552,6848,9751,27151,7520,6616,7536,21672,1445,1568,1386,4399,1833,2233,1815,5881,18913,14683,19140,52736,1.884,1.674,1.632,1.883,1.674,1.631,0.066,0.041,0.056,16.480,29.554,21.569,16.476,29.543,21.564,0.382,0.799,0.437,331.636,331.387,330.972,1.395,1.393,1.397,1.659,2.151,1.892,2.304,3.757,2.608,0.330,0.094,19.888,34.073,0.000,239.590,119.795,9.158,241.822,118.090,239.590,240.205,119.795,129.674,123.855,253.529,350.842,357.768,1.705,237.889,238.391,237.219,237.629,0.000,237.245,237.578,236.516,237.292,0.000,413.262,411.280,411.040,411.697,411.956,409.909,409.670,410.939,5.515,2.771,6.119,4.609,5.594,5.253,2.015,5.696,4.433,5.348,49.990,49.971,0.888,0.762,0.943,0.890,0.885,0.745,0.936,0.878,0.938,1.003,1.000,0.975,0.937,0.997,0.999,0.974,1.171,0.472,1.359,3.000,1.170,0.470,1.355,2.996,-0.434,-0.010,-0.059,-0.505,-0.436,-0.011,-0.065,-0.511,1.332,0.650,1.445,3.413,1.317,0.607,1.442,3.369,2.849,1.029,2.029,1.969,0.008,0.006,0.203,0.216,-0.027,0.012,-0.012,-0.028,0.233,0.224,0.309,0.766,0.000,0.000,0.000,0.000,0.000,0.000,0.000,0.000,0.000,0.000,0.000,0.000,0.000,0.000,0.000,0.000,
2026/08/11,13:03:08,237.35,237.70,236.56,237.17,0.00,412.33,410.14,409.78,410.75,5.29,2.06,5.82,4.46,5.43,49.98,0.888,0.764,0.940,0.886,0.937,1.000,0.999,0.974,1.17,0.47,1.36,3.00,-0.43,-0.01,-0.06,-0.51,1.32,0.62,1.44,3.38,10554,6849,9753,27156,7520,6616,7536,21672,1445,1568,1386,4399,1834,2233,1815,5882,18915,14684,19142,52741,1.944,1.707,1.650,1.942,1.704,1.647,0.083,0.091,0.098,16.152,30.180,22.277,16.148,30.169,22.272,0.378,0.807,0.507,331.082,331.056,330.439,1.395,1.393,1.397,1.640,2.045,1.986,2.253,3.772,2.647,0.372,0.090,13.129,41.280,0.000,239.555,119.689,19.951,239.467,118.459,239.555,240.135,119.689,141.873,121.008,262.881,340.049,0.088,1.230,237.810,238.146,237.028,237.605,0.000,237.281,237.547,236.407,237.167,0.000,413.044,410.868,410.834,411.447,411.972,409.896,409.565,410.666,5.566,2.361,6.185,4.502,5.780,5.270,2.018,5.747,4.401,5.364,49.990,49.975,0.889,0.772,0.942,0.890,0.885,0.755,0.939,0.884,0.938,1.000,0.999,0.975,0.938,1.000,0.999,0.974,1.175,0.474,1.366,3.012,1.168,0.470,1.347,2.991,-0.434,-0.010,-0.059,-0.507,-0.436,-0.012,-0.069,-0.513,1.332,0.629,1.450,3.396,1.318,0.606,1.444,3.370,2.849,1.029,2.029,1.969,0.008,0.006,0.203,0.216,-0.027,0.012,-0.012,-0.028,0.233,0.224,0.309,0.766,0.000,0.000,0.000,0.000,0.000,0.000,0.000,0.000,0.000,0.000,0.000,0.000,0.000,0.000,0.000,0.000,
2026/08/11,13:03:13,237.60,237.80,236.66,237.53,0.00,412.59,410.33,410.22,411.05,5.30,2.13,5.85,4.44,5.41,49.99,0.886,0.767,0.944,0.888,0.939,1.000,0.998,0.974,1.17,0.47,1.34,2.98,-0.43,-0.01,-0.06,-0.51,1.31,0.62,1.42,3.35,10555,6849,9754,27158,7520,6616,7536,21672,1445,1568,1386,4399,1834,2233,1815,5882,18916,14685,19144,52745,1.883,1.645,1.587,1.881,1.644,1.583,0.079,0.058,0.112,16.605,29.502,21.982,16.599,29.478,21.966,0.462,1.183,0.834,331.648,331.490,330.754,1.396,1.393,1.397,1.643,2.019,2.038,2.272,3.784,2.650,0.379,0.068,13.161,40.562,0.000,239.572,119.760,24.029,249.029,122.836,239.572,240.188,119.760,132.645,126.229,258.873,335.971,350.543,356.924,237.799,238.203,237.046,237.531,0.000,237.333,237.641,236.564,237.167,0.000,413.215,410.853,410.860,411.357,412.046,410.076,409.759,410.749,5.664,2.460,6.193,4.530,5.863,5.194,2.026,5.696,4.440,5.363,49.985,49.979,0.890,0.767,0.944,0.889,0.886,0.752,0.936,0.886,0.938,1.003,0.999,0.975,0.937,1.000,0.999,0.974,1.173,0.472,1.358,3.002,1.168,0.470,1.337,2.977,-0.432,-0.011,-0.062,-0.507,-0.436,-0.012,-0.065,-0.513,1.328,0.620,1.445,3.381,1.314,0.614,1.422,3.352,2.849,1.029,2.029,1.969,0.008,0.006,0.203,0.216,-0.027,0.012,-0.012,-0.028,0.233,0.224,0.309,0.766,0.000,0.000,0.000,0.000,0.000,0.000,0.000,0.000,0.000,0.000,0.000,0.000,0.000,0.000,0.000,0.000,
2026/08/11,13:03:18,237.83,238.30,237.04,237.72,0.00,413.19,410.93,410.71,411.61,5.41,2.06,5.88,4.45,5.45,50.00,0.887,0.751,0.940,0.873,0.938,1.000,0.999,0.974,1.17,0.47,1.35,2.99,-0.43,-0.01,-0.07,-0.51,1.33,0.65,1.44,3.43,10557,6850,9757,27164,7520,6616,7536,21672,1445,1568,1386,4399,1835,2233,1815,5883,18919,14686,19146,52751,1.813,1.588,1.512,1.813,1.586,1.511,0.038,0.076,0.067,16.709,28.651,21.589,16.702,28.643,21.582,0.466,0.692,0.517,331.597,331.824,331.146,1.394,1.393,1.397,1.722,2.317,1.986,2.284,3.754,2.636,0.357,0.070,23.239,35.210,0.000,239.590,119.742,14.115,226.020,125.648,239.590,240.152,119.742,148.131,100.301,248.432,345.885,13.570,354.094,237.967,238.349,237.142,237.748,0.000,237.053,237.616,236.387,237.336,0.000,413.425,411.150,411.149,411.686,411.899,409.660,409.502,410.902,5.577,2.555,6.133,4.513,6.092,5.215,1.994,5.706,4.390,5.332,49.997,49.980,0.890,0.772,0.944,0.890,0.883,0.733,0.940,0.873,0.939,1.000,0.999,0.975,0.938,0.997,0.998,0.974,1.173,0.473,1.363,3.004,1.167,0.471,1.337,2.977,-0.432,-0.010,-0.056,-0.502,-0.437,-0.012,-0.068,-0.512,1.332,0.666,1.446,3.427,1.314,0.607,1.422,3.348,2.849,1.029,2.029,1.969,0.008,0.006,0.203,0.216,-0.027,0.012,-0.012,-0.028,0.233,0.224,0.309,0.766,0.000,0.000,0.000,0.000,0.000,0.000,0.000,0.000,0.000,0.000,0.000,0.000,0.000,0.000,0.000,0.000,
2026/08/11,13:03:23,237.62,238.16,236.78,237.53,0.00,412.85,410.49,410.38,411.24,5.33,2.05,5.74,4.50,5.36,50.00,0.889,0.764,0.942,0.887,0.939,1.000,0.999,0.975,1.17,0.47,1.33,2.97,-0.43,-0.01,-0.07,-0.51,1.31,0.62,1.41,3.35,10558,6851,9758,27167,7520,6616,7536,21672,1445,1568,1386,4399,1836,2233,1815,5884,18920,14687,19148,52755,2.139,1.946,1.902,2.136,1.945,1.899,0.105,0.065,0.112,16.400,28.010,21.203,16.396,27.988,21.195,0.361,1.120,0.576,331.372,331.713,330.906,1.394,1.393,1.397,1.740,2.109,1.954,2.274,3.635,2.532,0.343,0.074,13.272,40.673,0.000,239.607,119.777,19.195,239.520,118.213,239.607,240.170,119.777,139.693,121.307,261.000,340.805,0.088,1.564,237.897,238.459,237.157,237.724,0.000,237.449,237.917,236.575,237.415,0.000,413.352,411.095,411.025,411.614,412.616,410.127,410.049,411.098,5.547,2.580,6.010,4.514,5.595,5.232,1.991,5.723,4.449,5.325,50.004,49.997,0.889,0.773,0.943,0.890,0.887,0.751,0.940,0.873,0.938,1.003,1.000,0.975,0.937,1.000,0.999,0.974,1.173,0.473,1.352,2.991,1.169,0.471,1.332,2.974,-0.433,-0.008,-0.065,-0.507,-0.433,-0.011,-0.068,-0.512,1.332,0.651,1.442,3.426,1.314,0.612,1.413,3.352,2.849,1.029,2.029,1.969,0.008,0.006,0.203,0.216,-0.027,0.012,-0.012,-0.028,0.233,0.224,0.309,0.766,0.000,0.000,0.000,0.000,0.000,0.000,0.000,0.000,0.000,0.000,0.000,0.000,0.000,0.000,0.000,0.000,
2026/08/11,13:03:28,237.57,237.87,236.76,237.40,0.00,412.56,410.58,410.18,411.10,5.28,2.04,5.90,4.41,5.45,49.99,0.887,0.760,0.940,0.888,0.939,1.000,0.999,0.975,1.16,0.47,1.33,2.97,-0.43,-0.01,-0.06,-0.51,1.31,0.61,1.42,3.34,10560,6852,9760,27172,7520,6616,7536,21672,1445,1568,1386,4399,1836,2233,1815,5884,18922,14688,19150,52760,1.868,1.649,1.606,1.867,1.648,1.602,0.066,0.072,0.107,16.347,28.807,22.632,16.338,28.801,22.627,0.536,0.595,0.447,331.207,331.463,330.329,1.395,1.395,1.397,1.682,2.219,1.921,2.299,3.721,2.577,0.352,0.060,22.894,31.960,0.000,239.607,119.707,18.123,242.104,131.502,239.607,240.100,119.707,136.020,110.619,246.639,341.877,357.504,348.205,237.802,238.232,237.049,237.614,0.000,237.222,237.514,236.419,237.399,0.000,413.114,410.900,410.856,411.411,411.920,409.762,409.708,411.058,5.555,2.489,6.133,4.502,5.779,5.184,2.014,5.683,4.367,5.335,50.004,49.993,0.889,0.764,0.942,0.891,0.879,0.757,0.935,0.883,0.939,1.000,0.999,0.975,0.937,1.000,0.999,0.974,1.169,0.474,1.353,2.995,1.164,0.471,1.332,2.970,-0.432,-0.007,-0.061,-0.505,-0.437,-0.010,-0.070,-0.514,1.314,0.637,1.446,3.379,1.309,0.614,1.413,3.342,2.849,1.029,2.029,1.969,0.008,0.006,0.203,0.216,-0.027,0.012,-0.012,-0.028,0.233,0.224,0.309,0.766,0.000,0.000,0.000,0.000,0.000,0.000,0.000,0.000,0.000,0.000,0.000,0.000,0.000,0.000,0.000,0.000,
2026/08/11,13:03:33,237.51,238.00,236.82,237.48,0.00,412.65,410.57,410.13,411.12,5.32,2.51,5.89,4.46,5.37,49.98,0.884,0.760,0.942,0.886,0.938,1.000,0.998,0.974,1.18,0.47,1.36,3.01,-0.44,-0.01,-0.07,-0.51,1.33,0.63,1.44,3.40,10561,6852,9762,27175,7520,6616,7536,21672,1445,1568,1386,4399,1837,2233,1815,5885,18924,14689,19152,52765,2.020,1.818,1.727,2.019,1.815,1.724,0.046,0.097,0.098,16.524,32.544,21.385,16.517,32.520,21.379,0.467,1.246,0.487,331.103,331.569,330.727,1.395,1.393,1.397,1.691,2.171,1.963,2.295,3.619,2.607,0.368,0.066,17.287,47.237,0.000,239.590,119.689,17.613,277.805,111.656,239.590,240.100,119.689,99.861,166.289,266.150,342.387,321.785,8.033,237.825,238.189,237.079,237.586,0.000,237.226,237.648,236.462,237.243,0.000,413.075,411.055,410.752,411.381,412.199,409.951,409.546,410.817,5.573,2.507,6.159,4.463,5.564,5.182,2.013,5.692,4.391,5.316,49.993,49.979,0.890,0.772,0.944,0.894,0.884,0.744,0.940,0.885,0.939,1.000,0.999,0.975,0.938,1.000,0.999,0.974,1.184,0.474,1.355,3.010,1.163,0.471,1.335,2.970,-0.431,-0.008,-0.058,-0.500,-0.436,-0.010,-0.067,-0.511,1.335,0.629,1.438,3.398,1.309,0.611,1.411,3.334,2.849,1.029,2.029,1.969,0.008,0.006,0.203,0.216,-0.027,0.012,-0.012,-0.028,0.233,0.224,0.309,0.766,0.000,0.000,0.000,0.000,0.000,0.000,0.000,0.000,0.000,0.000,0.000,0.000,0.000,0.000,0.000,0.000,
2026/08/11,13:03:38,237.40,237.85,236.54,237.14,0.00,412.32,410.50,409.62,410.81,5.37,2.16,6.41,4.56,6.24,49.96,0.887,0.775,0.948,0.896,0.937,1.000,0.998,0.975,1.17,0.47,1.46,3.10,-0.44,-0.01,0.09,-0.36,1.32,0.61,1.54,3.46,10563,6853,9764,27180,7520,6616,7536,21672,1445,1568,1386,4399,1837,2233,1815,5885,18926,14690,19154,52770,1.821,1.591,1.521,1.820,1.588,1.520,0.060,0.094,0.068,16.600,29.142,19.464,16.590,29.134,19.458,0.561,0.703,0.465,331.427,331.499,330.744,1.395,1.394,1.397,1.704,2.115,1.947,2.316,3.741,2.353,0.375,0.083,16.465,42.249,0.000,239.643,119.602,10.143,250.066,108.158,239.643,239.977,119.602,120.094,134.578,261.053,349.857,349.576,11.443,237.771,238.176,236.921,237.483,0.000,237.244,237.568,236.317,237.141,0.000,413.033,411.023,410.543,411.198,412.065,410.023,409.258,410.659,5.580,2.765,13.514,6.409,10.964,5.244,2.014,5.734,4.463,5.354,49.982,49.961,0.889,0.775,0.974,0.942,0.884,0.736,0.925,0.886,0.938,1.000,0.998,0.979,0.935,1.000,0.997,0.974,1.184,0.471,2.628,4.258,1.165,0.465,1.355,3.010,-0.434,-0.006,0.234,-0.215,-0.443,-0.011,-0.067,-0.511,1.335,0.684,2.523,4.521,1.314,0.605,1.436,3.398,2.849,1.029,2.029,1.969,0.008,0.006,0.203,0.216,-0.027,0.012,-0.012,-0.028,0.233,0.224,0.309,0.766,0.000,0.000,0.000,0.000,0.000,0.000,0.000,0.000,0.000,0.000,0.000,0.000,0.000,0.000,0.000,0.000,
2026/08/11,13:03:43,237.25,237.72,236.61,237.37,0.00,412.04,410.39,409.70,410.71,5.31,2.33,6.35,4.71,6.29,49.97,0.884,0.752,0.949,0.892,0.937,1.000,0.998,0.975,1.17,0.47,1.47,3.12,-0.44,-0.01,0.08,-0.37,1.32,0.63,1.55,3.50,10565,6854,9766,27185,7520,6616,7536,21672,1445,1568,1386,4399,1838,2233,1815,5886,18928,14690,19157,52775,1.806,1.603,1.541,1.805,1.601,1.538,0.042,0.075,0.082,18.352,30.716,20.399,18.349,30.702,20.385,0.308,0.926,0.769,331.263,331.233,330.445,1.395,1.393,1.397,1.696,2.167,1.950,2.286,3.640,2.287,0.332,0.065,17.668,41.086,0.000,239.660,119.672,15.803,255.885,115.717,239.660,239.994,119.672,119.900,154.195,258.434,344.197,343.775,3.955,237.739,238.102,236.932,237.554,0.000,237.179,237.676,236.323,237.141,0.000,413.073,411.083,410.448,411.350,412.038,409.996,409.331,410.813,5.538,3.086,6.481,4.712,6.309,5.266,2.019,6.152,4.563,6.075,49.969,49.961,0.888,0.775,0.951,0.896,0.884,0.719,0.948,0.890,0.938,1.000,0.998,0.975,0.937,1.000,0.998,0.974,1.174,0.472,1.473,3.117,1.165,0.471,1.450,3.092,-0.434,-0.008,0.093,-0.353,-0.438,-0.011,0.080,-0.367,1.323,0.627,1.547,3.496,1.315,0.605,1.524,3.450,2.849,1.029,2.029,1.969,0.008,0.006,0.203,0.216,-0.027,0.012,-0.012,-0.028,0.233,0.224,0.309,0.766,0.000,0.000,0.000,0.000,0.000,0.000,0.000,0.000,0.000,0.000,0.000,0.000,0.000,0.000,0.000,0.000,
2026/08/11,13:03:48,237.23,237.69,236.31,236.85,0.00,412.32,410.07,409.08,410.49,5.53,2.04,6.37,4.60,6.39,49.96,0.889,0.721,0.944,0.888,0.938,1.003,0.998,0.975,1.17,0.47,1.46,3.10,-0.43,-0.01,0.09,-0.36,1.31,0.63,1.54,3.49,10566,6854,9768,27188,7520,6616,7536,21672,1445,1568,1386,4399,1839,2233,1815,5887,18929,14691,19158,52778,1.849,1.597,1.585,1.848,1.596,1.576,0.059,0.074,0.163,16.464,30.306,20.650,16.453,30.299,20.633,0.588,0.632,0.837,330.684,330.843,329.926,1.394,1.393,1.397,1.800,2.183,1.959,2.287,3.702,2.296,0.445,0.133,5.295,53.465,0.000,239.502,119.514,36.633,248.361,117.650,239.502,240.012,119.514,148.271,125.736,278.982,323.367,351.141,1.863,237.576,237.922,236.702,237.373,0.000,236.749,237.090,235.957,236.853,0.000,412.835,410.583,410.112,410.867,411.282,409.149,408.596,410.151,5.559,2.756,6.610,4.712,6.391,5.220,2.013,6.189,4.597,6.081,49.972,49.960,0.889,0.761,0.951,0.892,0.884,0.721,0.944,0.880,0.939,1.000,0.998,0.975,0.937,0.997,0.998,0.974,1.174,0.473,1.473,3.117,1.168,0.470,1.455,3.092,-0.434,-0.008,0.091,-0.355,-0.438,-0.011,0.080,-0.367,1.324,0.669,1.547,3.521,1.313,0.606,1.538,3.473,2.849,1.029,2.029,1.969,0.008,0.006,0.203,0.216,-0.027,0.012,-0.012,-0.028,0.233,0.224,0.309,0.766,0.000,0.000,0.000,0.000,0.000,0.000,0.000,0.000,0.000,0.000,0.000,0.000,0.000,0.000,0.000,0.000,
2026/08/11,13:03:53,237.13,237.50,236.16,237.20,0.00,411.96,409.74,409.09,410.26,5.40,2.08,6.35,4.62,6.19,49.96,0.889,0.752,0.945,0.890,0.938,0.997,0.998,0.975,1.17,0.47,1.46,3.10,-0.44,-0.01,0.09,-0.36,1.31,0.63,1.54,3.48,10568,6855,9770,27193,7520,6616,7536,21672,1445,1568,1386,4399,1839,2233,1815,5887,18931,14692,19160,52783,1.855,1.618,1.600,1.854,1.617,1.595,0.050,0.073,0.129,16.397,32.765,20.619,16.383,32.754,20.593,0.678,0.838,1.035,330.643,330.904,329.987,1.395,1.394,1.397,1.659,2.104,1.972,2.258,3.743,2.336,0.392,0.094,16.959,40.147,0.000,239.555,119.619,7.295,240.768,108.334,239.555,240.064,119.619,127.617,132.715,260.332,352.705,358.787,11.285,237.500,237.967,236.654,237.250,0.000,236.954,237.320,236.107,236.853,0.000,412.820,410.351,410.016,410.831,411.611,409.486,409.000,410.488,5.760,2.461,6.504,4.643,6.523,5.269,2.012,6.198,4.597,6.100,49.965,49.960,0.889,0.779,0.949,0.895,0.878,0.721,0.944,0.888,0.939,1.003,0.998,0.975,0.938,0.997,0.998,0.974,1.170,0.471,1.462,3.103,1.167,0.470,1.451,3.092,-0.433,-0.008,0.092,-0.355,-0.437,-0.012,0.086,-0.358,1.320,0.633,1.544,3.485,1.311,0.607,1.538,3.468,2.849,1.029,2.029,1.969,0.008,0.006,0.203,0.216,-0.027,0.012,-0.012,-0.028,0.233,0.224,0.309,0.766,0.000,0.000,0.000,0.000,0.000,0.000,0.000,0.000,0.000,0.000,0.000,0.000,0.000,0.000,0.000,0.000,
2026/08/11,13:03:58,237.14,237.65,236.36,237.05,0.00,412.17,409.96,409.16,410.43,5.36,2.13,6.26,4.61,6.20,49.95,0.890,0.770,0.949,0.888,0.939,1.000,0.998,0.975,1.18,0.47,1.46,3.11,-0.44,-0.01,0.09,-0.36,1.33,0.63,1.54,3.50,10570,6856,9772,27198,7520,6616,7536,21672,1445,1568,1387,4400,1840,2233,1815,5888,18933,14693,19163,52789,1.873,1.658,1.616,1.870,1.657,1.612,0.103,0.057,0.111,17.216,29.849,20.059,17.206,29.845,20.054,0.592,0.445,0.417,330.666,330.986,330.119,1.395,1.393,1.397,1.755,2.193,1.980,2.224,3.721,2.343,0.430,0.104,17.151,39.653,0.000,239.520,119.566,13.184,245.057,115.137,239.520,240.047,119.566,128.074,130.254,258.328,346.816,354.463,4.430,237.344,237.802,236.554,237.199,0.000,236.986,237.408,236.044,236.913,0.000,412.520,410.241,409.690,410.541,411.777,409.372,408.778,410.239,5.654,2.577,6.476,4.643,6.426,5.195,2.024,6.099,4.515,6.036,49.961,49.954,0.890,0.774,0.950,0.898,0.881,0.747,0.945,0.888,0.939,1.000,0.998,0.975,0.938,0.997,0.997,0.974,1.184,0.473,1.462,3.106,1.164,0.471,1.432,3.086,-0.433,-0.008,0.094,-0.350,-0.439,-0.012,0.088,-0.361,1.335,0.629,1.544,3.500,1.308,0.606,1.504,3.438,2.849,1.029,2.029,1.969,0.008,0.006,0.203,0.216,-0.027,0.012,-0.012,-0.028,0.233,0.224,0.309,0.766,0.000,0.000,0.000,0.000,0.000,0.000,0.000,0.000,0.000,0.000,0.000,0.000,0.000,0.000,0.000,0.000,
2026/08/11,13:04:03,236.84,237.34,236.12,236.84,0.00,411.58,409.50,408.78,409.95,5.48,2.14,6.18,4.58,6.06,49.96,0.891,0.764,0.947,0.892,0.938,1.003,0.997,0.975,1.18,0.47,1.43,3.07,-0.44,-0.01,0.09,-0.36,1.32,0.61,1.51,3.45,10571,6856,9774,27201,7520,6616,7536,21672,1445,1568,1387,4400,1840,2233,1815,5888,18935,14694,19165,52794,1.862,1.642,1.588,1.861,1.641,1.586,0.060,0.051,0.086,16.785,31.361,19.213,16.778,31.351,19.209,0.482,0.777,0.414,330.683,331.054,330.236,1.396,1.393,1.398,1.617,2.095,1.963,2.252,3.681,2.337,0.405,0.089,15.692,45.259,0.000,239.555,119.602,19.336,220.061,117.967,239.555,240.047,119.602,159.539,102.094,261.633,340.664,19.494,1.635,237.274,237.758,236.502,237.063,0.000,236.844,237.244,235.914,236.844,0.000,412.282,410.178,409.592,410.472,411.507,409.273,408.499,410.117,5.651,2.714,6.437,4.630,6.429,5.226,2.029,6.106,4.553,6.051,49.964,49.954,0.891,0.770,0.951,0.893,0.889,0.731,0.947,0.886,0.939,1.000,0.998,0.975,0.938,1.000,0.997,0.974,1.192,0.474,1.461,3.127,1.168,0.471,1.427,3.068,-0.432,-0.008,0.093,-0.353,-0.439,-0.011,0.081,-0.365,1.341,0.641,1.539,3.503,1.318,0.615,1.504,3.446,2.849,1.029,2.029,1.969,0.008,0.006,0.203,0.216,-0.027,0.012,-0.012,-0.028,0.233,0.224,0.309,0.766,0.000,0.000,0.000,0.000,0.000,0.000,0.000,0.000,0.000,0.000,0.000,0.000,0.000,0.000,0.000,0.000,
2026/08/11,13:04:08,236.80,237.14,235.90,236.78,0.00,411.32,409.09,408.80,409.74,5.36,2.10,6.23,4.63,6.18,49.98,0.887,0.759,0.949,0.886,0.939,1.000,0.998,0.975,1.17,0.47,1.43,3.08,-0.43,-0.01,0.08,-0.36,1.32,0.65,1.51,3.47,10573,6857,9776,27206,7520,6616,7536,21672,1445,1568,1387,4400,1841,2233,1815,5889,18937,14695,19167,52799,1.979,1.745,1.706,1.977,1.744,1.705,0.097,0.053,0.067,16.892,30.884,19.695,16.881,30.875,19.673,0.618,0.733,0.925,330.581,330.745,329.950,1.396,1.395,1.397,1.678,2.091,2.009,2.289,3.628,2.336,0.374,0.070,11.697,46.021,0.000,239.572,119.725,24.434,231.135,119.109,239.572,240.135,119.725,153.439,115.682,265.799,335.566,8.438,0.615,237.441,237.806,236.633,237.070,0.000,236.679,237.125,235.811,236.776,0.000,412.467,410.333,410.063,410.516,411.071,409.033,408.494,409.934,5.594,2.483,6.454,4.634,6.272,5.267,2.005,6.096,4.571,6.040,49.980,49.963,0.891,0.772,0.950,0.896,0.887,0.742,0.945,0.883,0.939,1.003,0.997,0.975,0.938,1.000,0.997,0.974,1.179,0.473,1.442,3.092,1.173,0.472,1.427,3.074,-0.431,-0.008,0.088,-0.356,-0.436,-0.010,0.083,-0.361,1.330,0.646,1.539,3.491,1.319,0.611,1.507,3.446,2.849,1.029,2.029,1.969,0.008,0.006,0.203,0.216,-0.027,0.012,-0.012,-0.028,0.233,0.224,0.309,0.766,0.000,0.000,0.000,0.000,0.000,0.000,0.000,0.000,0.000,0.000,0.000,0.000,0.000,0.000,0.000,0.000,
2026/08/11,13:04:13,236.91,237.42,236.14,236.87,0.00,411.63,409.36,409.17,410.05,5.31,2.14,6.28,4.58,6.07,49.98,0.883,0.764,0.950,0.895,0.939,1.003,0.998,0.975,1.17,0.47,1.43,3.07,-0.43,-0.01,0.09,-0.36,1.32,0.61,1.50,3.43,10574,6857,9778,27209,7520,6616,7536,21672,1445,1568,1387,4400,1842,2233,1815,5890,18938,14695,19169,52802,1.941,1.730,1.680,1.940,1.728,1.679,0.067,0.097,0.056,16.877,31.729,19.492,16.874,31.708,19.474,0.315,1.162,0.840,330.762,330.934,330.070,1.395,1.393,1.397,1.725,2.267,1.897,2.259,3.601,2.347,0.351,0.072,15.943,43.095,0.000,239.590,119.760,15.592,222.838,115.945,239.590,240.152,119.760,152.895,109.230,262.055,344.408,16.752,3.814,237.431,237.762,236.489,237.086,0.000,236.757,237.111,235.851,236.776,0.000,412.298,410.136,410.010,410.552,411.170,408.985,408.729,409.739,5.663,2.427,6.429,4.634,6.306,5.273,2.016,6.082,4.539,5.992,49.990,49.977,0.888,0.769,0.951,0.895,0.882,0.759,0.949,0.886,0.939,1.000,0.998,0.975,0.938,0.997,0.997,0.974,1.176,0.474,1.435,3.081,1.170,0.472,1.428,3.071,-0.431,-0.010,0.088,-0.356,-0.436,-0.011,0.083,-0.362,1.320,0.646,1.515,3.472,1.318,0.610,1.501,3.431,2.849,1.029,2.029,1.969,0.008,0.006,0.203,0.216,-0.027,0.012,-0.012,-0.028,0.233,0.224,0.309,0.766,0.000,0.000,0.000,0.000,0.000,0.000,0.000,0.000,0.000,0.000,0.000,0.000,0.000,0.000,0.000,0.000,
2026/08/11,13:04:18,236.94,237.49,236.08,236.70,0.00,411.75,409.47,409.00,410.07,5.35,2.20,6.28,4.56,6.12,49.97,0.889,0.765,0.948,0.896,0.938,1.000,0.998,0.975,1.17,0.47,1.46,3.10,-0.43,-0.01,0.08,-0.36,1.31,0.61,1.54,3.45,10576,6858,9780,27214,7520,6616,7536,21672,1445,1568,1387,4400,1842,2233,1815,5890,18940,14696,19171,52807,2.095,1.871,1.864,2.090,1.870,1.861,0.150,0.053,0.098,16.567,29.720,20.439,16.561,29.712,20.433,0.453,0.685,0.478,330.400,330.823,329.766,1.395,1.393,1.399,1.663,2.157,1.959,2.246,3.703,2.400,0.396,0.055,11.812,44.958,0.000,239.572,119.689,22.852,250.330,116.016,239.572,240.082,119.689,132.486,134.350,265.992,337.148,349.242,3.674,237.325,237.619,236.440,237.085,0.000,236.665,237.035,235.767,236.702,0.000,412.148,409.990,409.856,410.527,411.163,408.905,408.501,409.842,5.592,2.803,6.479,4.643,6.468,5.269,2.014,6.109,4.558,6.025,49.990,49.972,0.890,0.769,0.952,0.896,0.883,0.729,0.948,0.887,0.939,1.003,0.998,0.975,0.938,1.000,0.997,0.975,1.170,0.476,1.458,3.099,1.165,0.472,1.428,3.071,-0.431,-0.008,0.088,-0.352,-0.434,-0.011,0.080,-0.362,1.330,0.633,1.540,3.480,1.312,0.606,1.501,3.431,2.849,1.029,2.029,1.969,0.008,0.006,0.203,0.216,-0.027,0.012,-0.012,-0.028,0.233,0.224,0.309,0.766,0.000,0.000,0.000,0.000,0.000,0.000,0.000,0.000,0.000,0.000,0.000,0.000,0.000,0.000,0.000,0.000,
2026/08/11,13:04:23,237.02,237.26,236.09,236.91,0.00,411.62,409.67,408.90,410.06,5.52,2.21,6.20,4.57,6.09,49.96,0.888,0.743,0.946,0.896,0.938,0.997,0.997,0.974,1.17,0.47,1.43,3.07,-0.43,-0.01,0.09,-0.35,1.31,0.61,1.51,3.43,10577,6858,9781,27216,7520,6616,7536,21672,1445,1568,1387,4400,1843,2233,1815,5891,18942,14697,19173,52812,1.877,1.650,1.630,1.876,1.649,1.626,0.041,0.050,0.109,16.699,32.393,19.865,16.694,32.386,19.856,0.445,0.676,0.610,330.703,330.641,330.005,1.395,1.393,1.398,1.757,2.213,1.938,2.280,3.657,2.332,0.394,0.095,21.432,35.662,0.000,239.572,119.602,6.961,250.066,114.680,239.572,240.029,119.602,116.578,135.703,252.281,353.039,349.506,4.922,237.164,237.552,236.309,236.913,0.000,236.718,237.214,235.916,236.702,0.000,412.014,409.828,409.550,410.246,411.221,409.219,408.472,410.074,5.616,2.908,6.520,4.812,6.889,5.223,2.031,6.088,4.558,5.989,49.972,49.962,0.889,0.773,0.949,0.896,0.877,0.726,0.946,0.861,0.939,1.000,0.998,0.975,0.938,1.000,0.998,0.974,1.168,0.476,1.458,3.100,1.165,0.471,1.434,3.074,-0.430,-0.008,0.091,-0.350,-0.434,-0.011,0.081,-0.358,1.317,0.735,1.542,3.593,1.311,0.606,1.505,3.430,2.849,1.029,2.029,1.969,0.008,0.006,0.203,0.216,-0.027,0.012,-0.012,-0.028,0.233,0.224,0.309,0.766,0.000,0.000,0.000,0.000,0.000,0.000,0.000,0.000,0.000,0.000,0.000,0.000,0.000,0.000,0.000,0.000,
2026/08/11,13:04:28,237.24,237.78,236.43,237.00,0.00,412.27,410.19,409.35,410.60,5.30,2.21,6.35,4.57,6.05,49.95,0.891,0.766,0.948,0.894,0.939,1.000,0.997,0.975,1.17,0.47,1.44,3.09,-0.43,-0.01,0.09,-0.35,1.33,0.61,1.52,3.46,10579,6859,9784,27222,7520,6616,7536,21672,1445,1568,1387,4400,1843,2233,1815,5891,18944,14698,19175,52817,1.964,1.736,1.662,1.958,1.736,1.659,0.154,0.042,0.098,16.402,30.041,19.956,16.382,30.031,19.935,0.806,0.784,0.905,331.120,331.539,330.562,1.396,1.394,1.398,1.779,2.244,2.042,2.284,3.665,2.389,0.403,0.091,26.834,33.946,0.000,239.572,119.584,6.961,220.008,123.100,239.572,240.012,119.584,147.287,96.557,243.844,353.039,19.564,356.484,237.297,237.780,236.507,237.000,0.000,236.489,236.889,235.646,236.577,0.000,412.286,410.233,409.621,410.352,410.875,408.829,407.909,409.733,5.576,2.361,6.511,4.634,6.183,5.204,2.014,6.107,4.536,6.008,49.962,49.949,0.891,0.769,0.950,0.896,0.884,0.743,0.946,0.886,0.939,1.003,0.998,0.975,0.938,0.997,0.997,0.974,1.174,0.474,1.456,3.093,1.163,0.472,1.429,3.069,-0.430,-0.008,0.091,-0.350,-0.433,-0.012,0.083,-0.358,1.332,0.624,1.544,3.474,1.311,0.607,1.505,3.430,2.849,1.029,2.029,1.969,0.008,0.006,0.203,0.216,-0.027,0.012,-0.012,-0.028,0.233,0.224,0.309,0.766,0.000,0.000,0.000,0.000,0.000,0.000,0.000,0.000,0.000,0.000,0.000,0.000,0.000,0.000,0.000,0.000,
2026/08/11,13:04:33,236.90,237.43,236.08,236.69,0.00,411.55,409.66,408.79,410.00,5.38,2.22,6.28,4.52,6.11,49.95,0.887,0.775,0.950,0.892,0.938,1.003,0.997,0.975,1.17,0.47,1.43,3.07,-0.43,-0.01,0.09,-0.35,1.33,0.61,1.50,3.44,10581,6860,9786,27227,7520,6616,7536,21672,1445,1568,1387,4400,1844,2233,1815,5892,18946,14699,19177,52822,1.962,1.736,1.657,1.960,1.735,1.656,0.088,0.041,0.043,17.223,29.445,20.278,17.218,29.432,20.255,0.403,0.873,0.965,330.602,330.721,329.962,1.396,1.393,1.397,1.749,2.202,1.997,2.260,3.631,2.338,0.396,0.066,16.217,44.328,0.000,239.625,119.602,15.381,219.006,115.260,239.625,239.977,119.602,156.691,103.746,260.438,344.619,20.619,4.342,237.281,237.775,236.492,237.133,0.000,236.770,237.269,235.837,236.688,0.000,412.352,410.244,409.517,410.616,411.395,409.160,408.388,409.811,5.686,2.622,6.486,4.607,6.180,5.211,2.007,6.098,4.514,5.999,49.955,49.947,0.891,0.775,0.951,0.894,0.879,0.745,0.942,0.877,0.939,1.003,0.998,0.975,0.938,1.000,0.997,0.975,1.174,0.474,1.445,3.093,1.161,0.471,1.427,3.063,-0.431,-0.010,0.092,-0.353,-0.433,-0.012,0.082,-0.361,1.332,0.641,1.539,3.503,1.309,0.607,1.502,3.427,2.849,1.029,2.029,1.969,0.008,0.006,0.203,0.216,-0.027,0.012,-0.012,-0.028,0.233,0.224,0.309,0.766,0.000,0.000,0.000,0.000,0.000,0.000,0.000,0.000,0.000,0.000,0.000,0.000,0.000,0.000,0.000,0.000,
2026/08/11,13:04:38,237.14,237.53,236.38,236.83,0.00,411.81,410.24,409.22,410.42,5.45,2.09,6.26,4.63,6.10,49.95,0.887,0.769,0.947,0.892,0.939,1.000,0.997,0.975,1.17,0.47,1.44,3.08,-0.43,-0.01,0.09,-0.35,1.32,0.61,1.52,3.45,10583,6861,9788,27232,7520,6616,7536,21672,1445,1568,1388,4401,1845,2233,1815,5893,18948,14700,19179,52827,1.965,1.756,1.706,1.960,1.755,1.705,0.131,0.068,0.058,17.314,28.541,20.359,17.299,28.538,20.346,0.730,0.464,0.747,330.640,330.850,329.900,1.395,1.393,1.396,1.583,2.091,1.890,2.261,3.745,2.377,0.374,0.089,23.981,33.437,0.000,239.643,119.584,5.520,249.908,117.229,239.643,239.924,119.584,115.594,128.461,248.924,354.480,349.734,2.355,237.305,237.639,236.492,236.875,0.000,236.687,237.038,235.909,236.688,0.000,412.230,410.235,409.442,410.165,411.374,409.242,408.445,409.913,5.551,2.582,6.460,4.625,6.328,5.264,2.004,6.122,4.518,6.069,49.955,49.948,0.887,0.775,0.950,0.896,0.886,0.764,0.946,0.890,0.940,1.003,0.997,0.975,0.938,1.000,0.997,0.974,1.173,0.471,1.446,3.087,1.168,0.468,1.430,3.069,-0.431,-0.010,0.092,-0.351,-0.433,-0.013,0.088,-0.356,1.332,0.611,1.537,3.461,1.313,0.606,1.502,3.442,2.849,1.029,2.029,1.969,0.008,0.006,0.203,0.216,-0.027,0.012,-0.012,-0.028,0.233,0.224,0.309,0.766,0.000,0.000,0.000,0.000,0.000,0.000,0.000,0.000,0.000,0.000,0.000,0.000,0.000,0.000,0.000,0.000,
2026/08/11,13:04:43,237.09,237.38,236.18,236.97,0.00,411.79,409.88,408.97,410.21,5.42,2.10,6.32,4.57,6.10,49.95,0.889,0.769,0.944,0.893,0.939,1.000,0.997,0.975,1.17,0.47,1.44,3.08,-0.43,-0.01,0.09,-0.35,1.31,0.62,1.52,3.45,10584,6861,9790,27235,7520,6616,7536,21672,1445,1568,1388,4401,1845,2233,1815,5893,18949,14701,19181,52831,1.959,1.731,1.704,1.956,1.729,1.702,0.112,0.076,0.090,16.480,28.064,20.457,16.470,28.056,20.449,0.585,0.676,0.570,330.631,330.635,329.886,1.395,1.393,1.396,1.697,2.146,1.937,2.251,3.745,2.400,0.395,0.114,11.980,44.208,0.000,239.572,119.566,14.555,236.180,109.441,239.572,239.994,119.566,134.191,134.807,268.998,345.445,3.393,10.125,237.364,237.738,236.509,237.120,0.000,236.850,237.178,235.997,236.831,0.000,412.439,410.359,409.566,410.593,411.283,409.435,408.575,410.308,5.575,2.573,6.474,4.658,6.372,5.213,2.006,6.175,4.554,6.052,49.950,49.946,0.890,0.769,0.949,0.894,0.887,0.744,0.944,0.890,0.939,1.000,0.998,0.975,0.938,1.000,0.997,0.974,1.169,0.471,1.459,3.098,1.168,0.470,1.441,3.081,-0.430,-0.011,0.093,-0.351,-0.432,-0.012,0.088,-0.355,1.325,0.617,1.544,3.467,1.313,0.609,1.519,3.450,2.849,1.029,2.029,1.969,0.008,0.006,0.203,0.216,-0.027,0.012,-0.012,-0.028,0.233,0.224,0.309,0.766,0.000,0.000,0.000,0.000,0.000,0.000,0.000,0.000,0.000,0.000,0.000,0.000,0.000,0.000,0.000,0.000,
2026/08/11,13:04:48,237.07,237.37,236.13,236.91,0.00,411.83,409.70,408.94,410.16,5.35,2.07,5.80,4.40,5.36,49.95,0.885,0.763,0.943,0.892,0.939,1.000,0.999,0.975,1.17,0.47,1.34,2.97,-0.43,-0.01,-0.06,-0.50,1.31,0.61,1.41,3.34,10586,6862,9792,27240,7520,6616,7536,21672,1445,1568,1388,4401,1846,2233,1815,5894,18951,14702,19184,52837,1.972,1.763,1.695,1.970,1.761,1.692,0.076,0.086,0.085,16.566,29.067,21.725,16.558,29.056,21.718,0.519,0.795,0.557,330.606,330.782,329.842,1.395,1.393,1.397,1.787,2.131,1.967,2.283,3.689,2.611,0.416,0.102,23.025,30.997,0.000,239.537,119.584,10.986,243.615,124.893,239.537,240.047,119.584,126.633,118.705,245.338,349.014,355.922,354.691,237.271,237.526,236.363,236.967,0.000,236.755,236.917,235.837,236.744,0.000,412.122,410.066,409.483,410.229,410.985,409.228,408.383,409.953,5.569,2.497,6.469,4.630,6.189,5.255,2.005,5.686,4.400,5.356,49.952,49.949,0.890,0.770,0.950,0.895,0.885,0.755,0.941,0.890,0.939,1.000,0.999,0.975,0.938,0.997,0.997,0.974,1.174,0.472,1.449,3.094,1.165,0.468,1.334,2.971,-0.430,-0.010,0.092,-0.351,-0.432,-0.012,-0.063,-0.507,1.319,0.617,1.525,3.456,1.312,0.606,1.415,3.336,2.849,1.029,2.029,1.969,0.008,0.006,0.203,0.216,-0.027,0.012,-0.012,-0.028,0.233,0.224,0.309,0.766,0.000,0.000,0.000,0.000,0.000,0.000,0.000,0.000,0.000,0.000,0.000,0.000,0.000,0.000,0.000,0.000,
2026/08/11,13:04:53,237.17,237.54,236.40,236.65,0.00,411.95,410.21,409.19,410.45,5.29,2.10,5.78,4.41,5.42,49.95,0.890,0.763,0.939,0.890,0.938,0.997,0.999,0.974,1.16,0.48,1.34,2.98,-0.43,-0.01,-0.07,-0.51,1.31,0.61,1.43,3.35,10588,6863,9794,27245,7520,6616,7536,21672,1445,1568,1388,4401,1846,2233,1815,5894,18953,14702,19185,52840,1.984,1.804,1.754,1.983,1.800,1.749,0.052,0.121,0.131,16.944,30.899,22.995,16.937,30.891,22.959,0.498,0.713,1.284,330.516,330.542,330.265,1.395,1.393,1.397,1.579,2.060,1.935,2.262,3.614,2.661,0.397,0.114,11.483,42.045,0.000,239.590,119.549,24.979,242.754,121.605,239.590,239.959,119.549,142.189,121.166,263.355,335.021,356.836,357.943,237.185,237.557,236.405,236.910,0.000,236.534,236.934,235.720,236.647,0.000,412.038,410.211,409.263,410.087,410.957,408.871,408.199,409.797,5.693,2.510,6.043,4.518,5.549,5.251,2.019,5.696,4.396,5.353,49.949,49.946,0.890,0.772,0.944,0.892,0.885,0.757,0.939,0.888,0.939,1.003,0.999,0.975,0.938,1.000,0.998,0.974,1.167,0.476,1.347,2.985,1.164,0.470,1.334,2.972,-0.431,-0.010,-0.058,-0.500,-0.433,-0.015,-0.065,-0.513,1.315,0.615,1.433,3.363,1.309,0.610,1.415,3.336,2.849,1.029,2.029,1.969,0.008,0.006,0.203,0.216,-0.027,0.012,-0.012,-0.028,0.233,0.224,0.309,0.766,0.000,0.000,0.000,0.000,0.000,0.000,0.000,0.000,0.000,0.000,0.000,0.000,0.000,0.000,0.000,0.000,
2026/08/11,13:04:58,237.11,237.54,236.36,236.79,0.00,412.05,409.97,409.06,410.36,5.56,2.23,6.18,4.73,5.86,49.95,0.887,0.761,0.933,0.862,0.940,0.997,0.999,0.975,1.17,0.48,1.40,3.05,-0.43,-0.02,-0.07,-0.51,1.31,0.72,1.50,3.53,10590,6863,9796,27249,7520,6616,7536,21672,1445,1568,1388,4401,1847,2233,1815,5895,18955,14703,19188,52846,1.949,1.744,1.716,1.944,1.742,1.714,0.150,0.074,0.081,16.248,34.218,26.531,16.228,34.209,26.527,0.795,0.789,0.415,331.179,331.061,330.330,1.397,1.394,1.399,1.709,2.196,1.992,2.305,3.515,3.094,0.413,0.143,4.697,48.824,0.000,239.520,119.531,37.125,252.088,122.959,239.520,240.029,119.531,145.055,131.643,271.248,322.875,347.432,356.572,237.257,237.597,236.472,236.911,0.000,236.475,236.867,235.840,236.626,0.000,412.261,410.244,409.596,410.452,410.692,408.986,408.230,409.780,5.603,2.957,6.350,4.728,6.066,5.189,2.044,5.756,4.414,5.421,49.952,49.946,0.890,0.780,0.941,0.890,0.887,0.750,0.930,0.862,0.940,1.000,0.999,0.976,0.938,0.997,0.999,0.974,1.168,0.482,1.400,3.046,1.163,0.473,1.342,2.982,-0.427,-0.011,-0.059,-0.505,-0.434,-0.019,-0.067,-0.514,1.314,0.722,1.499,3.534,1.309,0.611,1.427,3.350,2.849,1.029,2.029,1.969,0.008,0.006,0.203,0.216,-0.027,0.012,-0.012,-0.028,0.233,0.224,0.309,0.766,0.000,0.000,0.000,0.000,0.000,0.000,0.000,0.000,0.000,0.000,0.000,0.000,0.000,0.000,0.000,0.000,
2026/08/11,13:05:03,237.03,237.56,236.41,236.88,0.00,411.85,409.88,409.29,410.34,5.30,2.17,6.13,4.57,5.61,49.95,0.889,0.773,0.934,0.890,0.939,0.997,0.999,0.975,1.17,0.48,1.41,3.06,-0.43,-0.02,-0.07,-0.52,1.31,0.61,1.51,3.44,10591,6864,9798,27253,7520,6616,7536,21672,1445,1568,1388,4401,1848,2233,1815,5896,18957,14704,19190,52851,1.864,1.631,1.621,1.863,1.630,1.620,0.045,0.045,0.055,16.472,29.476,25.858,16.469,29.459,25.853,0.321,0.995,0.482,330.921,331.107,330.417,1.395,1.394,1.397,1.708,2.145,2.037,2.277,3.697,2.965,0.353,0.092,19.965,34.378,0.000,239.590,119.654,13.992,246.691,122.643,239.590,240.064,119.654,126.176,124.049,250.225,346.008,352.898,357.012,237.365,237.631,236.640,237.047,0.000,236.698,237.088,236.026,236.792,0.000,412.260,410.309,409.954,410.431,411.179,409.301,408.581,409.996,5.706,2.704,6.385,4.728,6.282,5.179,2.037,5.925,4.508,5.570,49.961,49.952,0.890,0.775,0.937,0.891,0.881,0.715,0.931,0.862,0.940,0.997,0.999,0.975,0.939,0.997,0.998,0.975,1.168,0.482,1.411,3.059,1.164,0.479,1.389,3.035,-0.428,-0.017,-0.065,-0.513,-0.430,-0.019,-0.073,-0.519,1.313,0.722,1.511,3.534,1.306,0.614,1.488,3.408,2.849,1.029,2.029,1.969,0.008,0.006,0.203,0.216,-0.027,0.012,-0.012,-0.028,0.233,0.224,0.309,0.766,0.000,0.000,0.000,0.000,0.000,0.000,0.000,0.000,0.000,0.000,0.000,0.000,0.000,0.000,0.000,0.000,
2026/08/11,13:05:08,237.19,237.49,236.49,237.04,0.00,411.93,409.91,409.69,410.51,5.31,2.24,6.06,4.53,5.64,49.97,0.889,0.777,0.939,0.889,0.940,1.000,0.999,0.976,1.17,0.48,1.39,3.04,-0.43,-0.02,-0.07,-0.52,1.32,0.62,1.48,3.42,10593,6865,9800,27258,7520,6616,7536,21672,1445,1568,1388,4401,1848,2233,1816,5897,18959,14705,19192,52856,1.823,1.622,1.585,1.822,1.621,1.584,0.053,0.040,0.061,16.326,28.918,25.218,16.319,28.908,25.204,0.487,0.752,0.837,330.788,330.930,330.399,1.395,1.393,1.397,1.641,2.222,1.989,2.293,3.668,2.889,0.334,0.091,17.065,37.371,0.000,239.590,119.742,17.930,252.545,121.535,239.590,240.152,119.742,126.984,130.992,257.977,342.070,347.045,358.207,237.281,237.659,236.603,237.092,0.000,236.787,237.176,236.084,236.881,0.000,412.146,410.219,409.893,410.542,411.212,409.322,408.798,410.341,5.579,2.478,6.361,4.574,5.755,5.149,2.052,5.847,4.504,5.464,49.967,49.955,0.890,0.777,0.939,0.891,0.888,0.768,0.934,0.887,0.940,1.000,1.000,0.976,0.939,0.997,0.999,0.975,1.168,0.480,1.411,3.059,1.163,0.478,1.377,3.020,-0.426,-0.017,-0.061,-0.508,-0.431,-0.019,-0.070,-0.516,1.315,0.622,1.511,3.436,1.306,0.614,1.467,3.388,2.849,1.029,2.029,1.969,0.008,0.006,0.203,0.216,-0.027,0.012,-0.012,-0.028,0.233,0.224,0.309,0.766,0.000,0.000,0.000,0.000,0.000,0.000,0.000,0.000,0.000,0.000,0.000,0.000,0.000,0.000,0.000,0.000,
2026/08/11,13:05:13,236.78,237.44,236.29,237.02,0.00,411.31,409.27,409.49,410.02,5.31,1.73,5.98,4.50,5.67,49.98,0.889,0.752,0.937,0.890,0.940,0.997,0.999,0.975,1.16,0.48,1.38,3.03,-0.43,-0.02,-0.07,-0.51,1.31,0.62,1.47,3.40,10594,6865,9801,27260,7520,6616,7536,21672,1445,1568,1388,4401,1849,2233,1816,5898,18960,14706,19193,52859,2.017,1.785,1.737,2.014,1.783,1.735,0.097,0.074,0.077,16.397,33.385,24.541,16.391,33.359,24.534,0.414,1.326,0.573,330.112,330.854,329.844,1.395,1.393,1.397,1.628,2.222,2.088,2.250,3.752,2.962,0.278,0.124,18.509,41.893,0.000,239.695,119.900,19.564,243.123,121.992,239.695,240.205,119.900,136.477,121.131,257.607,340.436,356.572,357.908,237.262,237.626,236.568,237.038,0.000,236.629,237.161,236.136,236.963,0.000,412.059,410.160,409.924,410.472,411.194,409.038,409.052,410.322,5.507,2.643,6.323,4.535,5.774,5.248,1.698,5.869,4.499,5.473,49.976,49.966,0.889,0.777,0.939,0.891,0.886,0.752,0.937,0.889,0.941,1.000,0.999,0.976,0.940,0.997,0.998,0.975,1.167,0.480,1.394,3.040,1.164,0.480,1.382,3.027,-0.426,-0.017,-0.065,-0.509,-0.428,-0.019,-0.070,-0.516,1.315,0.622,1.481,3.419,1.307,0.615,1.472,3.400,2.849,1.029,2.029,1.969,0.008,0.006,0.203,0.216,-0.027,0.012,-0.012,-0.028,0.233,0.224,0.309,0.766,0.000,0.000,0.000,0.000,0.000,0.000,0.000,0.000,0.000,0.000,0.000,0.000,0.000,0.000,0.000,0.000,
2026/08/11,13:05:18,236.63,236.99,236.09,236.55,0.00,410.79,409.03,409.11,409.64,5.43,1.78,6.01,4.43,5.81,50.00,0.890,0.708,0.937,0.884,0.939,0.994,0.999,0.974,1.17,0.40,1.37,2.94,-0.43,-0.05,-0.07,-0.55,1.31,0.56,1.46,3.33,10596,6866,9803,27265,7520,6616,7536,21672,1445,1568,1388,4401,1849,2234,1816,5899,18962,14707,19196,52865,2.179,2.025,1.988,2.175,2.021,1.986,0.128,0.121,0.078,16.697,30.082,25.160,16.685,30.071,25.156,0.628,0.788,0.450,330.791,330.558,330.366,1.397,1.394,1.398,1.646,2.225,2.087,2.287,3.638,3.040,0.258,0.069,16.185,43.912,0.000,239.695,119.865,25.857,249.486,124.910,239.695,240.170,119.865,136.406,124.576,260.982,334.143,350.209,354.955,237.171,237.520,236.501,237.022,0.000,236.504,236.800,235.937,236.549,0.000,411.741,409.921,410.098,410.322,410.521,408.720,408.851,409.655,5.608,2.168,6.279,4.499,5.968,5.229,1.689,5.847,4.331,5.613,50.000,49.976,0.890,0.752,0.941,0.890,0.881,0.708,0.936,0.880,0.940,0.997,0.999,0.975,0.939,0.991,0.998,0.973,1.173,0.480,1.389,3.027,1.164,0.397,1.361,2.927,-0.427,-0.018,-0.061,-0.512,-0.431,-0.052,-0.070,-0.549,1.319,0.622,1.484,3.400,1.307,0.546,1.442,3.308,2.849,1.029,2.029,1.969,0.008,0.006,0.203,0.216,-0.027,0.012,-0.012,-0.028,0.233,0.224,0.309,0.766,0.000,0.000,0.000,0.000,0.000,0.000,0.000,0.000,0.000,0.000,0.000,0.000,0.000,0.000,0.000,0.000,
2026/08/11,13:05:23,236.98,237.32,236.29,236.92,0.00,411.28,409.43,409.76,410.16,5.35,1.77,6.06,4.42,5.77,50.01,0.887,0.721,0.937,0.883,0.938,0.991,0.999,0.973,1.17,0.40,1.38,2.94,-0.43,-0.05,-0.06,-0.55,1.31,0.55,1.47,3.33,10598,6866,9805,27269,7520,6616,7536,21672,1445,1568,1388,4401,1850,2234,1816,5900,18964,14707,19198,52869,2.026,1.748,1.739,2.024,1.747,1.737,0.096,0.073,0.073,19.636,30.914,25.372,19.573,30.904,25.365,1.576,0.754,0.572,330.692,331.001,330.256,1.396,1.394,1.397,1.706,2.164,1.991,2.408,3.684,3.118,0.253,0.100,25.266,36.995,0.000,239.748,119.953,10.635,231.504,122.256,239.748,240.205,119.953,139.025,109.354,248.379,349.365,8.244,357.697,237.164,237.566,236.545,236.922,0.000,236.513,236.835,235.843,236.549,0.000,411.821,409.810,410.210,410.243,410.353,408.629,408.738,409.703,5.646,2.295,6.289,4.428,5.984,5.202,1.684,5.892,4.311,5.705,50.013,49.997,0.890,0.722,0.939,0.884,0.878,0.703,0.937,0.881,0.939,0.994,0.999,0.974,0.939,0.991,0.998,0.973,1.173,0.401,1.389,2.956,1.165,0.398,1.369,2.939,-0.431,-0.048,-0.062,-0.546,-0.434,-0.051,-0.070,-0.552,1.318,0.555,1.498,3.356,1.309,0.548,1.458,3.328,2.849,1.029,2.029,1.969,0.008,0.006,0.203,0.216,-0.027,0.012,-0.012,-0.028,0.233,0.224,0.309,0.766,0.000,0.000,0.000,0.000,0.000,0.000,0.000,0.000,0.000,0.000,0.000,0.000,0.000,0.000,0.000,0.000,
2026/08/11,13:05:28,236.75,237.11,236.08,236.70,0.00,410.86,409.06,409.43,409.78,5.43,1.77,6.09,4.37,5.77,50.02,0.889,0.703,0.936,0.879,0.938,0.991,0.999,0.973,1.17,0.40,1.38,2.94,-0.43,-0.05,-0.07,-0.55,1.31,0.56,1.47,3.34,10599,6867,9807,27273,7520,6616,7536,21672,1445,1568,1388,4401,1851,2234,1816,5901,18965,14708,19200,52873,1.927,1.700,1.687,1.924,1.700,1.686,0.106,0.041,0.063,16.700,25.736,25.604,16.691,25.718,25.601,0.532,0.967,0.348,330.186,330.430,330.032,1.395,1.394,1.398,1.724,2.308,2.094,2.321,3.661,3.040,0.231,0.094,25.879,35.046,0.000,239.766,119.971,15.943,247.816,129.094,239.766,240.205,119.971,124.945,118.705,243.650,344.057,351.949,350.877,237.062,237.483,236.403,236.922,0.000,236.605,237.032,235.898,236.630,0.000,411.619,409.646,409.996,410.158,410.615,408.790,409.263,409.728,6.785,2.448,6.290,4.588,6.062,5.245,1.689,5.925,4.369,5.738,50.016,50.013,0.889,0.723,0.939,0.884,0.885,0.700,0.936,0.871,0.939,0.994,0.999,0.973,0.938,0.991,0.999,0.973,1.170,0.398,1.392,2.959,1.165,0.397,1.378,2.941,-0.433,-0.048,-0.062,-0.545,-0.434,-0.051,-0.069,-0.552,1.326,0.581,1.484,3.388,1.312,0.546,1.470,3.334,2.849,1.029,2.029,1.969,0.008,0.006,0.203,0.216,-0.027,0.012,-0.012,-0.028,0.233,0.224,0.309,0.766,0.000,0.000,0.000,0.000,0.000,0.000,0.000,0.000,0.000,0.000,0.000,0.000,0.000,0.000,0.000,0.000,
2026/08/11,13:05:33,236.65,236.95,236.03,236.59,0.00,410.74,408.82,409.30,409.62,5.22,2.30,6.03,4.42,5.67,50.02,0.889,0.727,0.937,0.883,0.939,0.997,0.998,0.974,1.16,0.41,1.37,2.94,-0.43,-0.04,-0.08,-0.55,1.31,0.56,1.46,3.33,10601,6868,9809,27278,7520,6616,7536,21672,1445,1568,1388,4401,1851,2234,1816,5901,18968,14709,19202,52879,1.943,1.690,1.706,1.942,1.690,1.704,0.067,0.033,0.094,16.872,35.231,25.288,16.860,35.181,25.280,0.645,1.886,0.606,329.831,330.200,329.715,1.394,1.393,1.397,1.642,2.136,2.015,2.346,3.565,2.996,0.263,0.114,28.402,45.235,0.000,239.713,119.971,16.014,203.133,124.963,239.713,240.258,119.971,173.285,78.311,251.596,343.986,36.580,355.008,236.917,237.247,236.355,236.695,0.000,236.392,236.310,235.893,236.589,0.000,411.195,409.297,409.872,409.809,410.274,408.477,408.970,409.692,5.576,2.666,6.382,4.425,5.957,4.984,1.742,5.897,4.372,5.577,50.017,50.015,0.889,0.729,0.938,0.883,0.887,0.682,0.931,0.876,0.939,0.997,0.999,0.974,0.938,0.991,0.997,0.973,1.165,0.414,1.399,2.965,1.152,0.397,1.366,2.938,-0.425,-0.035,-0.069,-0.549,-0.433,-0.050,-0.098,-0.559,1.312,0.586,1.508,3.385,1.291,0.560,1.461,3.328,2.849,1.029,2.029,1.969,0.008,0.006,0.203,0.216,-0.027,0.012,-0.012,-0.028,0.233,0.224,0.309,0.766,0.000,0.000,0.000,0.000,0.000,0.000,0.000,0.000,0.000,0.000,0.000,0.000,0.000,0.000,0.000,0.000,
2026/08/11,13:05:38,236.70,237.01,236.15,236.54,0.00,410.91,409.00,409.33,409.74,5.42,1.94,6.02,4.37,5.80,50.01,0.884,0.694,0.933,0.877,0.941,0.994,0.997,0.974,1.16,0.42,1.34,2.93,-0.42,-0.05,-0.09,-0.56,1.31,0.59,1.44,3.34,10603,6868,9811,27282,7520,6616,7536,21672,1445,1568,1388,4401,1852,2234,1816,5902,18970,14710,19204,52884,1.973,1.695,1.685,1.970,1.693,1.683,0.102,0.062,0.081,16.472,25.550,25.023,16.466,25.502,25.003,0.445,1.571,1.002,329.840,330.329,329.801,1.394,1.394,1.397,1.741,2.257,2.117,2.376,3.330,2.961,0.268,0.110,16.175,41.194,0.000,239.678,119.918,31.184,258.873,131.977,239.678,240.240,119.918,132.838,126.879,259.717,328.816,340.805,347.941,236.849,237.231,236.219,236.637,0.000,236.246,236.650,235.832,236.374,0.000,411.060,409.268,409.699,409.776,410.071,408.353,408.728,409.286,5.808,2.588,6.166,4.501,6.403,5.183,1.737,5.741,4.343,5.432,50.018,50.011,0.890,0.740,0.938,0.885,0.884,0.694,0.931,0.877,0.940,0.997,0.998,0.974,0.938,0.991,0.998,0.973,1.164,0.424,1.366,2.942,1.159,0.413,1.340,2.926,-0.419,-0.041,-0.080,-0.552,-0.428,-0.050,-0.094,-0.563,1.312,0.587,1.461,3.338,1.307,0.558,1.436,3.323,2.849,1.029,2.029,1.969,0.008,0.006,0.203,0.216,-0.027,0.012,-0.012,-0.028,0.233,0.224,0.309,0.766,0.000,0.000,0.000,0.000,0.000,0.000,0.000,0.000,0.000,0.000,0.000,0.000,0.000,0.000,0.000,0.000,
2026/08/11,13:05:43,236.85,237.06,236.22,236.61,0.00,411.07,409.04,409.66,409.92,5.30,1.80,5.95,4.49,5.49,50.03,0.892,0.715,0.937,0.877,0.941,0.991,0.998,0.974,1.17,0.42,1.35,2.93,-0.43,-0.05,-0.09,-0.56,1.31,0.60,1.44,3.35,10604,6869,9813,27286,7520,6616,7536,21672,1445,1568,1388,4401,1852,2234,1816,5902,18971,14711,19206,52888,1.876,1.604,1.608,1.873,1.602,1.606,0.107,0.082,0.092,17.335,25.747,25.863,17.317,25.741,25.856,0.792,0.559,0.575,330.192,330.247,330.042,1.394,1.393,1.397,1.629,2.141,2.076,2.393,3.462,3.021,0.271,0.141,19.279,40.255,0.000,239.678,119.988,20.180,236.039,124.664,239.678,240.311,119.988,135.861,116.578,252.439,339.820,3.639,355.324,236.854,237.261,236.302,236.606,0.000,236.193,236.500,235.691,236.282,0.000,411.164,409.339,409.960,409.699,409.872,408.065,408.677,409.114,5.658,2.469,6.225,4.487,6.041,5.199,1.799,5.805,4.365,5.433,50.026,50.011,0.892,0.745,0.938,0.887,0.878,0.694,0.931,0.876,0.941,0.994,0.998,0.974,0.940,0.991,0.997,0.973,1.167,0.424,1.358,2.939,1.158,0.419,1.340,2.926,-0.419,-0.047,-0.087,-0.559,-0.426,-0.050,-0.094,-0.563,1.323,0.599,1.444,3.346,1.306,0.565,1.430,3.311,2.849,1.029,2.029,1.969,0.008,0.006,0.203,0.216,-0.027,0.012,-0.012,-0.028,0.233,0.224,0.309,0.766,0.000,0.000,0.000,0.000,0.000,0.000,0.000,0.000,0.000,0.000,0.000,0.000,0.000,0.000,0.000,0.000,
2026/08/11,13:05:48,236.59,236.96,235.93,236.54,0.00,410.74,408.80,409.09,409.54,5.34,1.94,5.85,4.44,5.57,50.03,0.892,0.676,0.939,0.885,0.940,0.994,0.998,0.973,1.17,0.41,1.35,2.92,-0.43,-0.05,-0.08,-0.55,1.31,0.56,1.43,3.30,10606,6869,9815,27290,7520,6616,7536,21672,1445,1568,1388,4401,1853,2234,1816,5903,18973,14712,19208,52893,1.860,1.619,1.599,1.858,1.616,1.594,0.081,0.101,0.125,17.560,26.215,24.403,17.552,26.196,24.354,0.530,0.999,1.544,329.829,330.343,329.846,1.394,1.394,1.398,1.614,2.125,2.025,2.379,3.525,2.976,0.266,0.112,17.460,47.497,0.000,239.695,119.936,25.506,222.627,123.574,239.695,240.205,119.936,162.650,98.947,260.947,334.494,17.068,356.361,236.973,237.275,236.425,236.832,0.000,236.469,236.829,235.900,236.469,0.000,411.334,409.288,410.118,410.109,410.387,408.477,409.022,409.459,5.537,2.930,6.117,4.487,5.872,5.258,1.760,5.787,4.398,5.452,50.030,50.026,0.892,0.739,0.939,0.885,0.885,0.676,0.936,0.877,0.941,0.994,0.998,0.974,0.940,0.991,0.998,0.973,1.168,0.420,1.364,2.949,1.164,0.410,1.342,2.922,-0.422,-0.047,-0.075,-0.552,-0.426,-0.052,-0.090,-0.565,1.323,0.599,1.449,3.346,1.307,0.557,1.434,3.304,2.849,1.029,2.029,1.969,0.008,0.006,0.203,0.216,-0.027,0.012,-0.012,-0.028,0.233,0.224,0.309,0.766,0.000,0.000,0.000,0.000,0.000,0.000,0.000,0.000,0.000,0.000,0.000,0.000,0.000,0.000,0.000,0.000,
2026/08/11,13:05:53,236.23,236.62,235.70,236.17,0.00,409.99,408.24,408.57,408.93,5.31,1.80,5.94,4.33,5.49,50.02,0.890,0.732,0.935,0.886,0.941,0.994,0.998,0.974,1.17,0.42,1.35,2.93,-0.42,-0.05,-0.08,-0.55,1.32,0.56,1.43,3.31,10607,6870,9817,27294,7520,6616,7536,21672,1445,1568,1388,4401,1854,2234,1817,5905,18975,14712,19210,52897,1.925,1.666,1.667,1.924,1.664,1.665,0.059,0.072,0.065,17.420,24.711,24.617,17.415,24.701,24.614,0.422,0.693,0.352,329.218,329.614,329.504,1.394,1.393,1.398,1.634,2.101,2.015,2.367,3.451,3.006,0.221,0.084,19.713,38.636,0.000,239.766,119.936,17.279,250.172,122.643,239.766,240.223,119.936,127.160,121.482,253.178,342.721,349.594,357.293,236.764,237.162,236.103,236.540,0.000,236.129,236.511,235.642,236.174,0.000,411.104,408.920,409.632,409.499,409.951,408.006,408.495,408.938,5.609,2.386,6.124,4.439,6.021,5.228,1.762,5.774,4.333,5.477,50.030,50.021,0.892,0.732,0.939,0.886,0.883,0.676,0.935,0.872,0.941,0.994,0.999,0.974,0.940,0.991,0.998,0.973,1.169,0.417,1.359,2.941,1.163,0.413,1.341,2.925,-0.421,-0.050,-0.075,-0.553,-0.426,-0.052,-0.087,-0.563,1.340,0.606,1.453,3.373,1.309,0.557,1.432,3.304,2.849,1.029,2.029,1.969,0.008,0.006,0.203,0.216,-0.027,0.012,-0.012,-0.028,0.233,0.224,0.309,0.766,0.000,0.000,0.000,0.000,0.000,0.000,0.000,0.000,0.000,0.000,0.000,0.000,0.000,0.000,0.000,0.000,
2026/08/11,13:05:58,236.27,236.81,235.86,236.36,0.00,410.25,408.49,408.71,409.15,5.34,1.84,5.86,4.40,5.51,50.01,0.892,0.719,0.933,0.882,0.946,0.983,0.999,0.975,1.17,0.42,1.35,2.94,-0.41,-0.07,-0.08,-0.56,1.31,0.59,1.44,3.34,10609,6870,9819,27298,7520,6616,7536,21672,1445,1568,1388,4401,1854,2234,1817,5905,18977,14713,19212,52902,1.938,1.729,1.705,1.937,1.725,1.703,0.052,0.109,0.077,16.466,27.582,26.041,16.454,27.538,26.034,0.636,1.562,0.596,329.191,330.369,329.354,1.393,1.395,1.396,1.639,2.086,2.007,2.356,3.395,3.021,0.240,0.111,20.203,38.552,0.000,239.730,119.918,10.846,248.643,116.402,239.730,240.188,119.918,122.186,132.152,254.338,349.154,351.088,3.516,236.624,237.274,236.107,236.365,0.000,235.809,236.312,235.415,236.143,0.000,410.831,408.872,409.263,409.329,409.478,407.739,408.190,408.915,5.585,2.590,6.225,4.450,5.701,5.238,1.772,5.504,4.334,5.394,50.021,50.013,0.892,0.732,0.937,0.886,0.889,0.719,0.933,0.882,0.941,0.994,0.998,0.975,0.940,0.991,0.998,0.974,1.173,0.421,1.363,2.944,1.167,0.414,1.347,2.931,-0.414,-0.050,-0.076,-0.552,-0.425,-0.070,-0.081,-0.560,1.317,0.588,1.458,3.338,1.308,0.559,1.434,3.310,2.849,1.029,2.029,1.969,0.008,0.006,0.203,0.216,-0.027,0.012,-0.012,-0.028,0.233,0.224,0.309,0.766,0.000,0.000,0.000,0.000,0.000,0.000,0.000,0.000,0.000,0.000,0.000,0.000,0.000,0.000,0.000,0.000,
2026/08/11,13:06:03,236.11,236.60,235.76,236.34,0.00,409.86,408.26,408.59,408.91,5.42,1.94,6.14,4.32,5.57,50.01,0.892,0.677,0.937,0.884,0.943,0.989,0.998,0.974,1.18,0.42,1.33,2.92,-0.42,-0.07,-0.07,-0.56,1.31,0.57,1.42,3.30,10610,6871,9820,27301,7520,6616,7536,21672,1445,1568,1388,4401,1855,2234,1817,5906,18978,14714,19214,52906,2.084,1.883,1.847,2.083,1.881,1.847,0.067,0.075,0.045,16.420,26.587,25.697,16.414,26.572,25.696,0.431,0.915,0.270,329.058,329.729,329.405,1.394,1.394,1.397,1.645,2.183,2.004,2.321,3.315,2.894,0.197,0.113,23.437,42.784,0.000,239.766,119.971,26.631,225.439,132.908,239.766,240.188,119.971,161.139,92.584,253.723,333.369,14.326,347.063,236.540,237.065,236.041,236.486,0.000,235.960,236.463,235.572,236.204,0.000,410.802,408.745,409.313,409.444,409.658,407.915,408.190,408.988,5.730,2.567,6.143,4.413,5.703,5.231,1.766,5.724,4.324,5.411,50.018,50.007,0.893,0.728,0.937,0.886,0.892,0.677,0.933,0.873,0.946,0.991,0.999,0.975,0.943,0.983,0.998,0.974,1.175,0.421,1.351,2.944,1.171,0.415,1.329,2.915,-0.414,-0.062,-0.070,-0.552,-0.420,-0.070,-0.076,-0.560,1.315,0.610,1.438,3.341,1.313,0.560,1.418,3.304,2.849,1.029,2.029,1.969,0.008,0.006,0.203,0.216,-0.027,0.012,-0.012,-0.028,0.233,0.224,0.309,0.766,0.000,0.000,0.000,0.000,0.000,0.000,0.000,0.000,0.000,0.000,0.000,0.000,0.000,0.000,0.000,0.000,
2026/08/11,13:06:08,236.39,237.02,235.88,236.72,0.00,410.62,408.61,408.72,409.32,5.50,2.16,5.97,4.34,5.52,50.00,0.895,0.737,0.931,0.886,0.943,0.986,0.999,0.974,1.18,0.41,1.34,2.93,-0.42,-0.07,-0.06,-0.55,1.31,0.56,1.43,3.31,10612,6871,9822,27305,7520,6616,7536,21672,1445,1568,1388,4401,1855,2234,1817,5906,18980,14714,19216,52910,2.143,1.914,1.922,2.140,1.914,1.921,0.113,0.053,0.067,17.076,26.308,25.494,17.066,26.281,25.477,0.603,1.172,0.923,329.390,330.161,329.654,1.393,1.393,1.397,1.805,2.223,2.069,2.333,3.467,3.018,0.276,0.101,30.474,41.790,0.000,239.695,119.865,4.219,283.324,114.135,239.695,240.188,119.865,80.912,168.521,251.771,355.781,316.371,5.730,236.736,237.348,236.220,236.718,0.000,236.111,236.589,235.641,236.222,0.000,411.296,409.204,409.495,409.846,409.861,408.142,408.317,408.906,5.659,2.185,6.175,4.498,5.629,5.237,1.758,5.774,4.324,5.477,50.007,50.002,0.895,0.739,0.937,0.886,0.890,0.677,0.929,0.878,0.944,0.989,0.999,0.974,0.942,0.986,0.998,0.973,1.177,0.415,1.359,2.947,1.174,0.411,1.329,2.919,-0.415,-0.067,-0.062,-0.551,-0.420,-0.071,-0.074,-0.559,1.319,0.575,1.467,3.357,1.313,0.559,1.421,3.304,2.849,1.029,2.029,1.969,0.008,0.006,0.203,0.216,-0.027,0.012,-0.012,-0.028,0.233,0.224,0.309,0.766,0.000,0.000,0.000,0.000,0.000,0.000,0.000,0.000,0.000,0.000,0.000,0.000,0.000,0.000,0.000,0.000,
2026/08/11,13:06:13,236.61,237.14,236.03,236.34,0.00,410.77,408.86,409.30,409.64,5.36,2.04,5.96,4.37,5.59,50.00,0.892,0.724,0.937,0.883,0.943,0.986,0.999,0.974,1.18,0.41,1.34,2.93,-0.42,-0.07,-0.07,-0.56,1.32,0.56,1.44,3.32,10614,6872,9824,27310,7520,6616,7536,21672,1445,1568,1388,4401,1856,2234,1817,5907,18982,14715,19218,52915,2.109,1.906,1.919,2.105,1.905,1.917,0.122,0.068,0.086,16.814,24.664,25.342,16.808,24.613,25.336,0.452,1.591,0.545,329.548,329.978,329.540,1.393,1.393,1.396,1.629,2.008,1.994,2.393,3.423,3.107,0.227,0.121,20.206,41.729,0.000,239.766,119.988,11.848,221.344,116.086,239.766,240.223,119.988,150.469,100.002,255.727,348.152,18.422,3.902,236.700,237.263,236.160,236.718,0.000,236.302,236.812,235.769,236.342,0.000,411.099,409.106,409.483,409.601,410.234,408.361,408.564,409.202,5.559,2.371,6.069,4.419,5.783,5.262,1.744,5.781,4.336,5.483,50.005,50.001,0.895,0.737,0.937,0.886,0.888,0.701,0.931,0.872,0.944,0.988,0.999,0.974,0.943,0.986,0.999,0.974,1.179,0.413,1.343,2.930,1.174,0.409,1.340,2.927,-0.415,-0.067,-0.062,-0.548,-0.420,-0.070,-0.069,-0.557,1.319,0.610,1.450,3.359,1.314,0.560,1.428,3.306,2.849,1.029,2.029,1.969,0.008,0.006,0.203,0.216,-0.027,0.012,-0.012,-0.028,0.233,0.224,0.309,0.766,0.000,0.000,0.000,0.000,0.000,0.000,0.000,0.000,0.000,0.000,0.000,0.000,0.000,0.000,0.000,0.000,
2026/08/11,13:06:18,236.65,237.34,236.19,236.62,0.00,411.04,409.10,409.31,409.82,5.60,2.50,5.89,4.39,5.51,50.01,0.893,0.726,0.934,0.884,0.943,0.985,0.998,0.973,1.17,0.41,1.35,2.93,-0.42,-0.07,-0.07,-0.55,1.32,0.56,1.44,3.31,10615,6873,9826,27314,7520,6616,7536,21672,1445,1568,1388,4401,1857,2234,1817,5908,18984,14716,19220,52920,2.079,1.907,1.878,2.077,1.906,1.874,0.099,0.072,0.111,17.635,25.822,25.604,17.629,25.813,25.600,0.437,0.678,0.485,329.801,330.706,329.895,1.393,1.394,1.398,1.842,2.287,2.020,2.395,3.435,3.128,0.253,0.100,46.706,41.936,0.000,239.730,119.918,1.406,312.820,123.416,239.730,240.188,119.918,48.604,189.404,238.008,358.594,286.910,356.502,236.795,237.337,236.322,236.651,0.000,236.273,236.814,235.782,236.342,0.000,411.178,409.354,409.645,409.738,410.223,408.498,408.788,409.532,5.597,2.539,6.141,4.508,5.802,5.238,1.736,5.812,4.354,5.508,50.007,50.004,0.893,0.734,0.937,0.884,0.889,0.686,0.933,0.862,0.943,0.988,0.999,0.974,0.942,0.985,0.998,0.973,1.179,0.413,1.360,2.944,1.171,0.409,1.342,2.929,-0.416,-0.065,-0.065,-0.551,-0.422,-0.068,-0.070,-0.557,1.326,0.647,1.469,3.415,1.313,0.558,1.438,3.313,2.849,1.029,2.029,1.969,0.008,0.006,0.203,0.216,-0.027,0.012,-0.012,-0.028,0.233,0.224,0.309,0.766,0.000,0.000,0.000,0.000,0.000,0.000,0.000,0.000,0.000,0.000,0.000,0.000,0.000,0.000,0.000,0.000,
2026/08/11,13:06:23,236.56,236.87,236.24,236.37,0.00,410.74,408.93,409.25,409.64,5.26,1.98,6.08,4.42,5.87,50.00,0.894,0.706,0.934,0.880,0.942,0.988,0.999,0.974,1.17,0.41,1.34,2.93,-0.42,-0.07,-0.06,-0.55,1.31,0.58,1.44,3.33,10617,6873,9828,27318,7520,6616,7536,21672,1445,1568,1388,4401,1857,2235,1817,5909,18986,14717,19222,52925,2.160,2.009,1.963,2.156,2.007,1.960,0.131,0.090,0.109,16.625,26.983,25.354,16.616,26.959,25.339,0.547,1.137,0.871,329.417,329.935,329.874,1.393,1.393,1.397,1.638,2.204,2.105,2.319,3.394,3.064,0.245,0.146,25.815,36.107,0.000,239.643,119.900,17.174,273.428,128.443,239.643,240.258,119.900,103.764,144.984,248.748,342.826,326.215,351.457,236.963,237.444,236.406,236.689,0.000,236.358,236.639,235.991,236.374,0.000,411.261,409.562,409.926,409.814,410.153,408.602,408.896,409.340,5.685,2.560,6.116,4.463,5.966,5.215,1.733,5.795,4.385,5.502,50.007,50.001,0.894,0.726,0.938,0.884,0.883,0.675,0.933,0.860,0.944,0.988,0.999,0.975,0.942,0.985,0.998,0.973,1.175,0.413,1.358,2.942,1.169,0.409,1.344,2.929,-0.416,-0.065,-0.061,-0.548,-0.421,-0.069,-0.071,-0.558,1.323,0.650,1.455,3.416,1.311,0.560,1.438,3.313,2.849,1.029,2.029,1.969,0.008,0.006,0.203,0.216,-0.027,0.012,-0.012,-0.028,0.233,0.224,0.309,0.766,0.000,0.000,0.000,0.000,0.000,0.000,0.000,0.000,0.000,0.000,0.000,0.000,0.000,0.000,0.000,0.000,
2026/08/11,13:06:28,236.76,237.33,236.17,236.67,0.00,411.06,409.18,409.47,409.90,5.46,1.89,5.85,4.46,5.50,50.00,0.891,0.732,0.936,0.882,0.942,0.988,0.999,0.974,1.17,0.41,1.33,2.91,-0.42,-0.07,-0.07,-0.56,1.31,0.57,1.41,3.30,10619,6874,9830,27323,7520,6616,7536,21672,1445,1568,1388,4401,1858,2235,1817,5910,18988,14718,19224,52930,1.857,1.635,1.629,1.856,1.633,1.626,0.056,0.087,0.099,16.677,27.493,24.601,16.673,27.466,24.552,0.357,1.235,1.555,329.803,330.339,329.787,1.393,1.393,1.397,1.670,2.292,2.008,2.338,3.536,3.020,0.245,0.101,19.134,39.747,0.000,239.766,119.953,13.922,236.074,118.406,239.766,240.188,119.953,131.678,123.855,255.533,346.078,3.691,1.547,236.879,237.393,236.300,236.687,0.000,236.231,236.672,235.500,236.240,0.000,411.284,409.299,409.696,409.812,409.993,408.118,408.350,409.083,5.589,2.277,6.171,4.463,5.943,5.216,1.745,5.708,4.365,5.470,50.001,49.994,0.894,0.732,0.936,0.885,0.890,0.701,0.931,0.880,0.943,0.988,0.999,0.974,0.942,0.986,0.999,0.974,1.176,0.414,1.349,2.937,1.171,0.411,1.328,2.912,-0.419,-0.065,-0.062,-0.547,-0.422,-0.068,-0.068,-0.555,1.318,0.576,1.444,3.331,1.313,0.559,1.415,3.301,2.849,1.029,2.029,1.969,0.008,0.006,0.203,0.216,-0.027,0.012,-0.012,-0.028,0.233,0.224,0.309,0.766,0.000,0.000,0.000,0.000,0.000,0.000,0.000,0.000,0.000,0.000,0.000,0.000,0.000,0.000,0.000,0.000,
2026/08/11,13:06:33,236.44,237.00,235.91,236.33,0.00,410.50,408.86,408.79,409.38,5.35,1.74,5.90,4.35,5.49,49.99,0.893,0.709,0.939,0.884,0.942,0.988,0.999,0.974,1.17,0.41,1.33,2.91,-0.42,-0.07,-0.07,-0.55,1.31,0.56,1.42,3.29,10620,6874,9832,27326,7520,6616,7536,21672,1445,1568,1388,4401,1858,2235,1817,5910,18990,14719,19226,52935,1.878,1.672,1.638,1.874,1.672,1.637,0.121,0.030,0.056,17.393,26.331,25.080,17.377,26.323,25.068,0.738,0.660,0.760,329.258,329.972,329.308,1.394,1.393,1.396,1.766,2.139,2.112,2.321,3.575,3.011,0.244,0.068,9.389,48.688,0.000,239.766,119.865,28.547,241.875,119.145,239.766,240.100,119.865,146.689,122.766,269.455,331.453,357.891,0.721,236.901,237.439,236.354,236.672,0.000,236.177,236.866,235.607,236.326,0.000,411.311,409.492,409.729,409.934,409.933,408.405,408.366,409.121,5.815,2.586,6.087,4.463,5.679,5.220,1.737,5.711,4.320,5.425,49.998,49.989,0.893,0.733,0.939,0.886,0.888,0.685,0.935,0.880,0.943,0.988,0.999,0.974,0.942,0.986,0.998,0.973,1.174,0.413,1.336,2.920,1.168,0.411,1.326,2.908,-0.417,-0.065,-0.065,-0.549,-0.422,-0.067,-0.070,-0.555,1.321,0.574,1.419,3.310,1.309,0.555,1.411,3.289,2.849,1.029,2.029,1.969,0.008,0.006,0.203,0.216,-0.027,0.012,-0.012,-0.028,0.233,0.224,0.309,0.766,0.000,0.000,0.000,0.000,0.000,0.000,0.000,0.000,0.000,0.000,0.000,0.000,0.000,0.000,0.000,0.000,
2026/08/11,13:06:38,236.44,236.84,236.02,236.53,0.00,410.43,408.77,408.99,409.39,5.42,1.80,5.88,4.35,5.57,50.00,0.892,0.725,0.935,0.885,0.943,0.986,0.998,0.973,1.17,0.41,1.33,2.92,-0.42,-0.07,-0.07,-0.55,1.31,0.56,1.42,3.29,10622,6875,9834,27331,7520,6616,7536,21672,1445,1568,1388,4401,1859,2235,1817,5911,18991,14719,19228,52938,1.843,1.653,1.634,1.841,1.651,1.633,0.093,0.070,0.059,16.443,29.125,26.715,16.432,29.118,26.708,0.604,0.612,0.620,329.669,330.117,330.178,1.394,1.394,1.398,1.681,2.271,2.064,2.367,3.525,3.087,0.209,0.098,16.463,42.176,0.000,239.730,119.918,21.814,245.039,122.361,239.730,240.188,119.918,136.775,123.873,261.650,338.186,354.691,357.557,236.827,237.381,236.235,236.684,0.000,236.163,236.549,235.791,236.326,0.000,411.303,409.349,409.534,409.790,410.029,408.362,408.531,409.498,5.806,2.422,6.118,4.436,5.765,5.241,1.759,5.708,4.353,5.455,49.996,49.989,0.894,0.737,0.939,0.885,0.877,0.709,0.935,0.876,0.943,0.988,0.999,0.975,0.942,0.986,0.998,0.973,1.182,0.414,1.364,2.958,1.168,0.411,1.329,2.910,-0.416,-0.065,-0.068,-0.554,-0.420,-0.068,-0.070,-0.557,1.337,0.593,1.451,3.353,1.309,0.557,1.418,3.292,2.849,1.029,2.029,1.969,0.008,0.006,0.203,0.216,-0.027,0.012,-0.012,-0.028,0.233,0.224,0.309,0.766,0.000,0.000,0.000,0.000,0.000,0.000,0.000,0.000,0.000,0.000,0.000,0.000,0.000,0.000,0.000,0.000,
2026/08/11,13:06:43,236.51,237.02,235.97,236.50,0.00,410.72,408.65,409.08,409.48,5.30,1.84,5.84,4.33,5.49,49.99,0.893,0.732,0.936,0.885,0.943,0.986,0.999,0.974,1.17,0.41,1.33,2.91,-0.42,-0.07,-0.07,-0.55,1.31,0.56,1.42,3.29,10624,6876,9836,27336,7520,6616,7536,21672,1445,1568,1388,4401,1859,2235,1818,5912,18994,14720,19230,52944,1.909,1.656,1.668,1.908,1.654,1.665,0.083,0.065,0.102,16.765,23.590,25.429,16.744,23.564,25.414,0.840,1.109,0.879,330.019,330.427,329.902,1.395,1.394,1.398,1.631,2.343,2.075,2.404,3.526,3.091,0.264,0.145,21.079,37.293,0.000,239.695,119.953,12.357,249.029,119.742,239.695,240.258,119.953,123.328,129.393,252.721,347.643,350.666,0.211,236.570,237.138,236.228,236.528,0.000,235.860,236.313,235.491,236.123,0.000,410.925,409.005,409.298,409.483,409.570,407.752,408.020,408.788,5.710,2.129,6.098,4.400,5.672,5.220,1.752,5.756,4.327,5.482,49.996,49.986,0.894,0.738,0.937,0.887,0.885,0.713,0.935,0.880,0.944,0.988,0.999,0.974,0.943,0.986,0.998,0.973,1.188,0.414,1.361,2.948,1.170,0.411,1.329,2.913,-0.415,-0.065,-0.067,-0.549,-0.422,-0.069,-0.073,-0.558,1.330,0.570,1.456,3.344,1.311,0.555,1.419,3.293,2.849,1.029,2.029,1.969,0.008,0.006,0.203,0.216,-0.027,0.012,-0.012,-0.028,0.233,0.224,0.309,0.766,0.000,0.000,0.000,0.000,0.000,0.000,0.000,0.000,0.000,0.000,0.000,0.000,0.000,0.000,0.000,0.000,
2026/08/11,13:06:48,235.98,236.64,235.69,236.27,0.00,409.78,408.24,408.20,408.74,5.48,1.83,6.08,4.61,5.81,49.98,0.888,0.715,0.936,0.871,0.943,0.986,0.998,0.974,1.19,0.42,1.36,2.96,-0.42,-0.07,-0.08,-0.57,1.37,0.58,1.46,3.40,10625,6876,9837,27338,7520,6616,7536,21672,1445,1568,1388,4401,1860,2235,1818,5913,18995,14721,19232,52948,1.968,1.764,1.770,1.966,1.763,1.769,0.098,0.070,0.065,17.785,23.827,25.926,17.780,23.807,25.914,0.394,0.953,0.807,329.149,329.672,329.369,1.394,1.393,1.397,1.804,2.190,2.136,2.376,3.411,2.932,0.230,0.065,24.096,34.470,0.000,239.766,119.865,17.473,257.027,129.252,239.766,240.117,119.865,120.463,121.184,248.344,342.527,342.738,350.613,236.623,237.194,236.130,236.592,0.000,235.916,236.530,235.519,236.271,0.000,410.975,409.084,409.234,409.617,409.778,407.947,407.910,409.158,5.873,2.443,6.180,4.614,5.822,5.235,1.755,5.722,4.327,5.472,49.987,49.980,0.893,0.735,0.937,0.885,0.888,0.715,0.936,0.871,0.944,0.988,0.999,0.974,0.942,0.986,0.998,0.973,1.186,0.419,1.359,2.964,1.170,0.411,1.331,2.913,-0.415,-0.065,-0.064,-0.549,-0.421,-0.068,-0.081,-0.568,1.369,0.578,1.457,3.404,1.311,0.563,1.418,3.293,2.849,1.029,2.029,1.969,0.008,0.006,0.203,0.216,-0.027,0.012,-0.012,-0.028,0.233,0.224,0.309,0.766,0.000,0.000,0.000,0.000,0.000,0.000,0.000,0.000,0.000,0.000,0.000,0.000,0.000,0.000,0.000,0.000,
2026/08/11,13:06:53,236.31,236.87,235.98,236.31,0.00,410.45,408.66,408.70,409.27,5.44,1.98,5.92,4.37,5.56,49.98,0.893,0.738,0.936,0.884,0.943,0.988,0.998,0.974,1.18,0.41,1.34,2.93,-0.42,-0.07,-0.07,-0.55,1.32,0.56,1.43,3.31,10627,6877,9839,27343,7520,6616,7536,21672,1445,1568,1388,4401,1861,2235,1818,5914,18997,14722,19234,52953,2.103,1.879,1.869,2.094,1.877,1.869,0.197,0.068,0.039,16.441,24.181,25.219,16.416,24.164,25.203,0.906,0.893,0.886,329.449,329.965,329.452,1.394,1.393,1.397,1.676,2.214,2.016,2.303,3.619,2.943,0.271,0.089,29.318,33.225,0.000,239.678,119.848,9.105,269.191,125.279,239.678,240.170,119.848,99.914,147.814,244.160,350.895,330.486,354.568,236.507,237.105,236.076,236.390,0.000,235.934,236.477,235.556,236.271,0.000,410.933,408.971,408.988,409.289,409.765,408.072,408.142,408.758,5.702,2.184,6.199,4.614,5.805,5.231,1.769,5.806,4.370,5.493,49.980,49.976,0.894,0.742,0.936,0.888,0.882,0.715,0.933,0.871,0.944,0.989,0.998,0.975,0.942,0.986,0.998,0.974,1.186,0.420,1.375,2.968,1.171,0.411,1.341,2.927,-0.416,-0.063,-0.065,-0.548,-0.420,-0.068,-0.081,-0.568,1.369,0.578,1.469,3.404,1.312,0.560,1.432,3.312,2.849,1.029,2.029,1.969,0.008,0.006,0.203,0.216,-0.027,0.012,-0.012,-0.028,0.233,0.224,0.309,0.766,0.000,0.000,0.000,0.000,0.000,0.000,0.000,0.000,0.000,0.000,0.000,0.000,0.000,0.000,0.000,0.000,
2026/08/11,13:06:58,236.33,237.00,236.00,236.36,0.00,410.36,408.99,408.66,409.34,5.42,1.83,5.82,4.52,5.49,49.97,0.895,0.726,0.937,0.870,0.944,0.986,0.998,0.974,1.17,0.41,1.34,2.92,-0.42,-0.07,-0.07,-0.55,1.32,0.61,1.43,3.36,10629,6877,9841,27347,7520,6616,7536,21672,1445,1568,1388,4401,1861,2235,1818,5914,18999,14723,19236,52958,2.066,1.896,1.888,2.063,1.893,1.887,0.114,0.101,0.056,17.667,24.400,24.960,17.660,24.393,24.957,0.489,0.582,0.387,329.192,330.125,329.618,1.393,1.393,1.397,1.691,2.253,1.994,2.341,3.492,3.050,0.236,0.038,16.395,43.660,0.000,239.783,119.813,21.621,233.209,121.307,239.783,240.029,119.813,148.975,111.744,260.719,338.379,6.574,358.506,236.468,237.221,236.155,236.368,0.000,235.855,236.402,235.327,236.048,0.000,410.879,409.062,409.019,409.328,409.740,407.636,407.689,408.592,5.589,2.862,6.074,4.515,6.187,5.231,1.748,5.775,4.370,5.481,49.977,49.966,0.895,0.738,0.937,0.885,0.890,0.678,0.930,0.860,0.943,0.988,0.999,0.974,0.943,0.986,0.998,0.974,1.179,0.414,1.343,2.933,1.174,0.411,1.334,2.920,-0.416,-0.065,-0.063,-0.548,-0.419,-0.068,-0.068,-0.554,1.336,0.641,1.447,3.399,1.313,0.563,1.419,3.300,2.849,1.029,2.029,1.969,0.008,0.006,0.203,0.216,-0.027,0.012,-0.012,-0.028,0.233,0.224,0.309,0.766,0.000,0.000,0.000,0.000,0.000,0.000,0.000,0.000,0.000,0.000,0.000,0.000,0.000,0.000,0.000,0.000,
